account,country,revenue_cpm,buy_cpm,advertizer_impressions,profit_cpm,roi_percent,profiton_galaksion_revenue,revenue_weighted_profit,profiton_currency,mybid_currency,galaksion_currency
nsd,RU,1.2000,0.1800,6730037,1.0200,566.67,378.7900,6864.6377,USD,USD,USD
clickadu-pub-nsd,DE,1.6367,0.1900,3667451,1.4467,761.42,336.0158,5305.7014,USD,USD,USD
sv2,RU,0.8300,0.1800,6730037,0.6500,361.11,8.6500,4374.5240,USD,USD,USD
clickadu-pub-nsd,UA,1.8592,0.2100,2508764,1.6492,785.33,93.8535,4137.4536,USD,USD,USD
clickadu-pub-nsd,RU,0.7009,0.1800,6730037,0.5209,289.39,2.9144,3505.6763,USD,USD,USD
clickadu-pub-nsd,NL,2.4936,0.2300,1494389,2.2636,984.17,64.1651,3382.6989,USD,USD,USD
sv,CN,1.3000,0.0800,2721539,1.2200,1525.00,37.2800,3320.2776,USD,USD,USD
nsd,US,0.5900,0.2200,8850557,0.3700,168.18,641.4600,3274.7061,USD,USD,USD
nsd,BR,0.6100,0.0500,4645395,0.5600,1120.00,231.8500,2601.4212,USD,USD,USD
sv2,BR,0.5900,0.0500,4645395,0.5400,1080.00,468.1700,2508.5133,USD,USD,USD
sv2,US,0.4800,0.2200,8850557,0.2600,118.18,1022.6000,2301.1448,USD,USD,USD
sv,BD,0.6800,0.2300,4954512,0.4500,195.65,126.0500,2229.5304,USD,USD,USD
nsd,CN,0.8800,0.0800,2721539,0.8000,1000.00,83.3500,2177.2312,USD,USD,USD
sv2,CN,0.8800,0.0800,2721539,0.8000,1000.00,147.4500,2177.2312,USD,USD,USD
nsd,PH,0.4700,0.2300,8394339,0.2400,104.35,1626.0000,2014.6414,USD,USD,USD
sv,US,0.4300,0.2200,8850557,0.2100,95.45,74.6600,1858.6170,USD,USD,USD
clickadu-pub-nsd,BR,0.3709,0.0500,4645395,0.3209,641.80,141.1294,1490.7073,USD,USD,USD
clickadu-pub-nsd,MO,19.5562,0.4100,76664,19.1462,4669.80,4.5957,1467.8243,USD,USD,USD
sv,DE,0.5800,0.1900,3667451,0.3900,205.26,62.9400,1430.3059,USD,USD,USD
sv2,PH,0.3900,0.2300,8394339,0.1600,69.57,1441.2400,1343.0942,USD,USD,USD
sv,VN,0.7300,0.2200,2254168,0.5100,231.82,248.3500,1149.6257,USD,USD,USD
clickadu-pub-nsd,US,0.3494,0.2200,8850557,0.1294,58.82,175.7167,1145.2621,USD,USD,USD
nsd,BD,0.4600,0.2300,4954512,0.2300,100.00,145.8800,1139.5378,USD,USD,USD
clickadu-pub-nsd,TH,1.1995,0.3000,1231330,0.8995,299.83,67.7403,1107.5813,USD,USD,USD
evadav-rss,CN,0.4635,0.0800,2721539,0.3835,479.38,29.8580,1043.7102,USD,USD,USD
clickadu-pub-nsd,GB,0.8718,0.3000,1695656,0.5718,190.60,74.6822,969.5761,USD,USD,USD
clickadu-pub-nsd,CN,0.4053,0.0800,2721539,0.3253,406.62,1.6390,885.3166,USD,USD,USD
sv2,BD,0.4000,0.2300,4954512,0.1700,73.91,325.2100,842.2670,USD,USD,USD
nsd,FR,0.5800,0.2800,2773863,0.3000,107.14,64.3400,832.1589,USD,USD,USD
nsd,BO,0.7800,0.2800,1663387,0.5000,178.57,1.8400,831.6935,USD,USD,USD
clickadu-pub-nsd,BO,0.7769,0.2800,1663387,0.4969,177.46,1.3277,826.5370,USD,USD,USD
nsd,NL,0.7400,0.2300,1494389,0.5100,221.74,16.1900,762.1384,USD,USD,USD
nsd,IN,0.1200,0.0800,17736276,0.0400,50.00,703.2400,709.4510,USD,USD,USD
clickadu-pub-nsd,SG,0.9602,0.1100,824852,0.8502,772.91,22.3113,701.2892,USD,USD,USD
nsd,DE,0.3800,0.1900,3667451,0.1900,100.00,118.1900,696.8157,USD,USD,USD
clickadu-pub-nsd,CA,0.7757,0.3200,1509192,0.4557,142.41,28.7007,687.7388,USD,USD,USD
nsd,UA,0.4800,0.2100,2508764,0.2700,128.57,7.5500,677.3663,USD,USD,USD
clickadu-pub-nsd,FR,0.5125,0.2800,2773863,0.2325,83.04,112.6611,644.9231,USD,USD,USD
evadav-rss,US,0.2924,0.2200,8850557,0.0724,32.91,8.3330,640.7803,USD,USD,USD
sv,BR,0.1800,0.0500,4645395,0.1300,260.00,5.9800,603.9013,USD,USD,USD
sv2,MX,0.3800,0.1800,3007013,0.2000,111.11,335.8200,601.4026,USD,USD,USD
sv2,PK,0.3600,0.0900,2191297,0.2700,300.00,195.9400,591.6502,USD,USD,USD
sv,PK,0.3600,0.0900,2191297,0.2700,300.00,31.7400,591.6502,USD,USD,USD
sv2,DE,0.3500,0.1900,3667451,0.1600,84.21,255.6100,586.7922,USD,USD,USD
sv2,IN,0.1100,0.0800,17736276,0.0300,37.50,935.1200,532.0883,USD,USD,USD
clickadu-pub-nsd,PL,0.9328,0.3400,897513,0.5928,174.35,21.5767,532.0457,USD,USD,USD
nsd,CA,0.6700,0.3200,1509192,0.3500,109.38,87.7600,528.2172,USD,USD,USD
clickadu-pub-nsd,MY,0.5850,0.2400,1527978,0.3450,143.75,475.7267,527.1524,USD,USD,USD
sv2,BO,0.5800,0.2800,1663387,0.3000,107.14,44.5200,499.0161,USD,USD,USD
sv2,SG,0.7000,0.1100,824852,0.5900,536.36,15.0000,486.6627,USD,USD,USD
clickadu-pub-nsd,AU,0.8899,0.4200,1020894,0.4699,111.88,62.9669,479.7181,USD,USD,USD
sv2,ZA,0.4900,0.1200,1225822,0.3700,308.33,48.7700,453.5541,USD,USD,USD
sv,MX,0.3300,0.1800,3007013,0.1500,83.33,12.0700,451.0520,USD,USD,USD
sv,TH,0.6600,0.3000,1231330,0.3600,120.00,10.9400,443.2788,USD,USD,USD
nsd,PK,0.2900,0.0900,2191297,0.2000,222.22,55.1700,438.2594,USD,USD,USD
sv,AR,0.3800,0.2700,3911619,0.1100,40.74,5.2300,430.2781,USD,USD,USD
nsd,MX,0.3200,0.1800,3007013,0.1400,77.78,78.4400,420.9818,USD,USD,USD
sv,NL,0.5100,0.2300,1494389,0.2800,121.74,5.2300,418.4289,USD,USD,USD
evadav-rss,UA,0.3660,0.2100,2508764,0.1560,74.29,0.0560,391.3672,USD,USD,USD
evadav-rss,MX,0.2976,0.1800,3007013,0.1176,65.33,200.2160,353.6247,USD,USD,USD
sv,EG,0.3200,0.2300,3928271,0.0900,39.13,376.2400,353.5444,USD,USD,USD
sv,UA,0.3500,0.2100,2508764,0.1400,66.67,1.7900,351.2270,USD,USD,USD
evadav-rss,RU,0.2302,0.1800,6730037,0.0502,27.89,0.8360,337.8479,USD,USD,USD
sv2,MA,0.3000,0.1100,1769124,0.1900,172.73,78.1500,336.1336,USD,USD,USD
sv,CA,0.5400,0.3200,1509192,0.2200,68.75,19.9200,332.0222,USD,USD,USD
sv,NP,0.8000,0.1400,496463,0.6600,471.43,68.9600,327.6656,USD,USD,USD
nsd,MY,0.4400,0.2400,1527978,0.2000,83.33,54.7500,305.5956,USD,USD,USD
sv,MA,0.2800,0.1100,1769124,0.1700,154.55,98.0500,300.7511,USD,USD,USD
nsd,TH,0.5400,0.3000,1231330,0.2400,80.00,13.8500,295.5192,USD,USD,USD
evadav-rss,BO,0.4383,0.2800,1663387,0.1583,56.54,0.3090,263.3142,USD,USD,USD
clickadu-pub-nsd,VN,0.3279,0.2200,2254168,0.1079,49.05,3524.7964,243.2247,USD,USD,USD
nsd,HK,0.6500,0.4100,967105,0.2400,58.54,8.2200,232.1052,USD,USD,USD
clickadu-pub-nsd,AO,0.8811,0.0800,279922,0.8011,1001.38,5.4900,224.2455,USD,USD,USD
clickadu-pub-nsd,IL,0.8426,0.2000,346991,0.6426,321.30,22.4380,222.9764,USD,USD,USD
nsd,SE,0.6500,0.1800,472924,0.4700,261.11,21.2000,222.2743,USD,USD,USD
clickadu-pub-nsd,GE,0.7142,0.1300,368982,0.5842,449.38,1.8547,215.5593,USD,USD,USD
sv2,NL,0.3700,0.2300,1494389,0.1400,60.87,41.2800,209.2145,USD,USD,USD
clickadu-pub-nsd,AZ,0.3842,0.1400,854063,0.2442,174.43,16.8848,208.5622,USD,USD,USD
evadav-rss,BR,0.0929,0.0500,4645395,0.0429,85.80,0.4780,199.2874,USD,USD,USD
evadav-rss,NL,0.3588,0.2300,1494389,0.1288,56.00,1.1380,192.4773,USD,USD,USD
sv,CO,0.3100,0.0900,828822,0.2200,244.44,9.3100,182.3408,USD,USD,USD
sv,IN,0.0900,0.0800,17736276,0.0100,12.50,126.2300,177.3628,USD,USD,USD
nsd,MA,0.2100,0.1100,1769124,0.1000,90.91,33.1400,176.9124,USD,USD,USD
sv,ZA,0.2600,0.1200,1225822,0.1400,116.67,2.7800,171.6151,USD,USD,USD
clickadu-pub-nsd,PE,0.4920,0.2500,696530,0.2420,96.80,26.3116,168.5603,USD,USD,USD
sv,PH,0.2500,0.2300,8394339,0.0200,8.70,16.9500,167.8868,USD,USD,USD
nsd,SG,0.3100,0.1100,824852,0.2000,181.82,2.7300,164.9704,USD,USD,USD
sv2,NP,0.4700,0.1400,496463,0.3300,235.71,94.7100,163.8328,USD,USD,USD
nsd,AE,0.3800,0.1100,600538,0.2700,245.45,18.2300,162.1453,USD,USD,USD
clickadu-pub-nsd,EC,0.2906,0.2200,2240809,0.0706,32.09,2.3715,158.2011,USD,USD,USD
nsd,EC,0.2900,0.2200,2240809,0.0700,31.82,1.8800,156.8566,USD,USD,USD
sv,SG,0.3000,0.1100,824852,0.1900,172.73,0.5400,156.7219,USD,USD,USD
evadav-sv,UA,0.2702,0.2100,2508764,0.0602,28.67,1.9790,151.0276,USD,USD,USD
clickadu-pub-nsd,MZ,3.0728,0.8000,66093,2.2728,284.10,113.0219,150.2162,USD,USD,USD
clickadu-pub-nsd,MA,0.1935,0.1100,1769124,0.0835,75.91,51.7083,147.7219,USD,USD,USD
evadav-sv,CN,0.1338,0.0800,2721539,0.0538,67.25,0.8040,146.4188,USD,USD,USD
clickadu-pub-nsd,SA,0.4230,0.1100,452804,0.3130,284.55,43.5854,141.7277,USD,USD,USD
clickadu-pub-nsd,HK,0.5493,0.4100,967105,0.1393,33.98,4.4546,134.7177,USD,USD,USD
clickadu-pub-nsd,BG,0.6215,0.3700,532718,0.2515,67.97,9.9494,133.9786,USD,USD,USD
sv,TZ,0.2900,0.1200,770157,0.1700,141.67,8.1100,130.9267,USD,USD,USD
nsd,KE,0.3800,0.0900,451224,0.2900,322.22,27.2800,130.8550,USD,USD,USD
clickadu-pub-nsd,BE,0.7485,0.4300,402603,0.3185,74.07,6.8815,128.2291,USD,USD,USD
sv,AZ,0.2800,0.1400,854063,0.1400,100.00,7.6300,119.5688,USD,USD,USD
nsd,NP,0.3800,0.1400,496463,0.2400,171.43,44.1200,119.1511,USD,USD,USD
sv2,GB,0.3700,0.3000,1695656,0.0700,23.33,42.2400,118.6959,USD,USD,USD
sv2,GE,0.4500,0.1300,368982,0.3200,246.15,5.5300,118.0742,USD,USD,USD
sv2,KE,0.3500,0.0900,451224,0.2600,288.89,70.9200,117.3182,USD,USD,USD
sv,CH,0.7200,0.3900,346980,0.3300,84.62,2.6500,114.5034,USD,USD,USD
sv,CI,0.8000,0.3000,225674,0.5000,166.67,9.6500,112.8370,USD,USD,USD
clickadu-pub-nsd,NP,0.3645,0.1400,496463,0.2245,160.36,19.8145,111.4559,USD,USD,USD
sv,IQ,0.2900,0.1300,686737,0.1600,123.08,164.9700,109.8779,USD,USD,USD
sv2,MY,0.3100,0.2400,1527978,0.0700,29.17,17.4100,106.9585,USD,USD,USD
clickadu-pub-nsd,ZA,0.2044,0.1200,1225822,0.0844,70.33,3.9653,103.4594,USD,USD,USD
sv,DZ,0.2300,0.1300,999432,0.1000,76.92,91.3800,99.9432,USD,USD,USD
clickadu-pub-nsd,CI,0.7410,0.3000,225674,0.4410,147.00,10.7880,99.5222,USD,USD,USD
sv,JO,0.3900,0.1700,445317,0.2200,129.41,11.8100,97.9697,USD,USD,USD
clickadu-pub-nsd,TZ,0.2447,0.1200,770157,0.1247,103.92,19.8020,96.0386,USD,USD,USD
clickadu-pub-nsd,MX,0.2114,0.1800,3007013,0.0314,17.44,14.2846,94.4202,USD,USD,USD
clickadu-pub-nsd,PK,0.1324,0.0900,2191297,0.0424,47.11,88.3449,92.9110,USD,USD,USD
clickadu-pub-nsd,IE,0.8246,0.3000,174144,0.5246,174.87,59.1734,91.3559,USD,USD,USD
nsd,ZA,0.1900,0.1200,1225822,0.0700,58.33,2.8700,85.8075,USD,USD,USD
sv2,SE,0.3600,0.1800,472924,0.1800,100.00,27.3400,85.1263,USD,USD,USD
clickadu-pub-nsd,EE,1.3813,0.6600,115727,0.7213,109.29,0.5774,83.4739,USD,USD,USD
evadav-rss,PL,0.4326,0.3400,897513,0.0926,27.24,1.4280,83.1097,USD,USD,USD
evadav-sv,SA,0.2934,0.1100,452804,0.1834,166.73,2.0400,83.0443,USD,USD,USD
nsd,GE,0.3500,0.1300,368982,0.2200,169.23,1.1600,81.1760,USD,USD,USD
nsd,PL,0.4300,0.3400,897513,0.0900,26.47,17.0400,80.7762,USD,USD,USD
sv,NG,0.3200,0.1600,492788,0.1600,100.00,37.3300,78.8461,USD,USD,USD
clickadu-pub-nsd,SK,1.3731,0.3200,74797,1.0531,329.09,41.7584,78.7687,USD,USD,USD
sv,DJ,3.0000,0.1500,27513,2.8500,1900.00,2.9100,78.4121,USD,USD,USD
sv2,AR,0.2900,0.2700,3911619,0.0200,7.41,27.3700,78.2324,USD,USD,USD
sv2,AE,0.2400,0.1100,600538,0.1300,118.18,15.7200,78.0699,USD,USD,USD
sv,RS,0.7700,0.1300,120391,0.6400,492.31,72.5900,77.0502,USD,USD,USD
nsd,AZ,0.2300,0.1400,854063,0.0900,64.29,6.2800,76.8657,USD,USD,USD
sv,KE,0.2600,0.0900,451224,0.1700,188.89,2.9400,76.7081,USD,USD,USD
sv2,TH,0.3600,0.3000,1231330,0.0600,20.00,33.2100,73.8798,USD,USD,USD
clickadu-pub-nsd,KE,0.2501,0.0900,451224,0.1601,177.89,1.1902,72.2410,USD,USD,USD
sv2,CI,0.6200,0.3000,225674,0.3200,106.67,70.8500,72.2157,USD,USD,USD
nsd,VN,0.2500,0.2200,2254168,0.0300,13.64,78.5100,67.6250,USD,USD,USD
nsd,CO,0.1700,0.0900,828822,0.0800,88.89,8.4800,66.3058,USD,USD,USD
sv2,CO,0.1700,0.0900,828822,0.0800,88.89,19.4500,66.3058,USD,USD,USD
clickadu-pub-nsd,CH,0.5773,0.3900,346980,0.1873,48.03,3.5058,64.9894,USD,USD,USD
evadav-rss,TH,0.3516,0.3000,1231330,0.0516,17.20,5.3840,63.5366,USD,USD,USD
nsd,CI,0.5800,0.3000,225674,0.2800,93.33,8.7100,63.1887,USD,USD,USD
evadav-sv,TH,0.3504,0.3000,1231330,0.0504,16.80,1.1820,62.0590,USD,USD,USD
sv2,LK,0.4600,0.3200,442566,0.1400,43.75,134.9700,61.9592,USD,USD,USD
clickadu-pub-nsd,GA,0.4294,0.0500,162539,0.3794,758.80,0.1430,61.6673,USD,USD,USD
sv2,NG,0.2800,0.1600,492788,0.1200,75.00,63.1200,59.1346,USD,USD,USD
clickadu-pub-nsd,CM,1.1589,0.4000,77005,0.7589,189.72,21.0568,58.4391,USD,USD,USD
evadav-rss,SG,0.1758,0.1100,824852,0.0658,59.82,18.0760,54.2753,USD,USD,USD
sv2,UZ,0.2500,0.1800,773350,0.0700,38.89,14.1200,54.1345,USD,USD,USD
sv,ZM,1.9200,0.4400,36452,1.4800,336.36,32.9200,53.9490,USD,USD,USD
nsd,TZ,0.1900,0.1200,770157,0.0700,58.33,12.3200,53.9110,USD,USD,USD
sv2,TZ,0.1900,0.1200,770157,0.0700,58.33,20.2400,53.9110,USD,USD,USD
sv,PL,0.4000,0.3400,897513,0.0600,17.65,4.9800,53.8508,USD,USD,USD
sv,KG,0.5200,0.3000,244419,0.2200,73.33,21.5100,53.7722,USD,USD,USD
sv,GB,0.3300,0.3000,1695656,0.0300,10.00,11.9400,50.8697,USD,USD,USD
evadav-rss,CH,0.5331,0.3900,346980,0.1431,36.69,0.2980,49.6528,USD,USD,USD
nsd,NG,0.2600,0.1600,492788,0.1000,62.50,31.4400,49.2788,USD,USD,USD
sv,LK,0.4300,0.3200,442566,0.1100,34.37,128.1700,48.6823,USD,USD,USD
clickadu-pub-nsd,HU,0.6413,0.3800,184145,0.2613,68.76,7.1536,48.1171,USD,USD,USD
clickadu-pub-nsd,SX,70.4039,0.0900,680,70.3139,78126.56,5.4211,47.8135,USD,USD,USD
sv,CR,0.4400,0.2100,205645,0.2300,109.52,2.1000,47.2983,USD,USD,USD
nsd,RS,0.5200,0.1300,120391,0.3900,300.00,14.7000,46.9525,USD,USD,USD
nsd,SA,0.2100,0.1100,452804,0.1000,90.91,11.4900,45.2804,USD,USD,USD
clickadu-pub-nsd,PA,0.3170,0.1700,300339,0.1470,86.47,0.6819,44.1498,USD,USD,USD
evadav-rss,IE,0.5409,0.3000,174144,0.2409,80.30,0.7080,41.9513,USD,USD,USD
sv,SA,0.2000,0.1100,452804,0.0900,81.82,3.3600,40.7524,USD,USD,USD
clickadu-pub-nsd,ET,0.3155,0.1200,206508,0.1955,162.92,2.4934,40.3723,USD,USD,USD
clickadu-pub-nsd,PT,0.4878,0.2600,175426,0.2278,87.62,2.7834,39.9620,USD,USD,USD
clickadu-pub-nsd,NG,0.2396,0.1600,492788,0.0796,49.75,77.2142,39.2259,USD,USD,USD
clickadu-pub-nsd,KW,0.2954,0.0900,187224,0.2054,228.22,2.4459,38.4558,USD,USD,USD
sv2,AO,0.2100,0.0800,279922,0.1300,162.50,1.8000,36.3899,USD,USD,USD
sv,AO,0.2100,0.0800,279922,0.1300,162.50,0.3700,36.3899,USD,USD,USD
sv,PE,0.3000,0.2500,696530,0.0500,20.00,1.8300,34.8265,USD,USD,USD
nsd,GB,0.3200,0.3000,1695656,0.0200,6.67,15.1800,33.9131,USD,USD,USD
clickadu-pub-nsd,JO,0.2454,0.1700,445317,0.0754,44.35,5.5567,33.5769,USD,USD,USD
sv,VE,0.1800,0.1200,557576,0.0600,50.00,2.7500,33.4546,USD,USD,USD
sv,BO,0.3000,0.2800,1663387,0.0200,7.14,1.5600,33.2677,USD,USD,USD
sv,SE,0.2500,0.1800,472924,0.0700,38.89,1.5100,33.1047,USD,USD,USD
nsd,GA,0.2500,0.0500,162539,0.2000,400.00,0.2400,32.5078,USD,USD,USD
sv2,DJ,1.3300,0.1500,27513,1.1800,786.67,1.5900,32.4653,USD,USD,USD
sv,UZ,0.2200,0.1800,773350,0.0400,22.22,1.7800,30.9340,USD,USD,USD
sv2,CA,0.3400,0.3200,1509192,0.0200,6.25,84.7100,30.1838,USD,USD,USD
sv,GE,0.2100,0.1300,368982,0.0800,61.54,0.3400,29.5186,USD,USD,USD
clickadu-pub-nsd,AT,0.3511,0.2800,411893,0.0711,25.39,3.2318,29.2856,USD,USD,USD
sv,HK,0.4400,0.4100,967105,0.0300,7.32,15.6100,29.0132,USD,USD,USD
sv,BF,0.3200,0.1400,155807,0.1800,128.57,1.2100,28.0453,USD,USD,USD
sv2,VE,0.1700,0.1200,557576,0.0500,41.67,15.0600,27.8788,USD,USD,USD
nsd,PE,0.2900,0.2500,696530,0.0400,16.00,6.6600,27.8612,USD,USD,USD
clickadu-pub-nsd,GF,17.7648,0.1500,1578,17.6148,11743.20,7.1059,27.7962,USD,USD,USD
clickadu-pub-nsd,MD,0.6229,0.1100,54142,0.5129,466.27,16.2326,27.7694,USD,USD,USD
nsd,LV,0.7500,0.2800,58421,0.4700,167.86,1.0100,27.4579,USD,USD,USD
nsd,LK,0.3800,0.3200,442566,0.0600,18.75,58.6200,26.5540,USD,USD,USD
sv,KW,0.2300,0.0900,187224,0.1400,155.56,13.1000,26.2114,USD,USD,USD
nsd,MN,0.5700,0.4900,320316,0.0800,16.33,26.7500,25.6253,USD,USD,USD
evadav-rss,AT,0.3422,0.2800,411893,0.0622,22.21,0.2060,25.6197,USD,USD,USD
nsd,ML,0.3300,0.0800,101641,0.2500,312.50,223.4900,25.4103,USD,USD,USD
nsd,AO,0.1700,0.0800,279922,0.0900,112.50,0.7000,25.1930,USD,USD,USD
sv2,UA,0.2200,0.2100,2508764,0.0100,4.76,14.0600,25.0876,USD,USD,USD
sv,ET,0.2400,0.1200,206508,0.1200,100.00,2.2000,24.7810,USD,USD,USD
clickadu-pub-nsd,RO,0.3901,0.3000,274383,0.0901,30.03,25.4080,24.7219,USD,USD,USD
sv2,IL,0.2700,0.2000,346991,0.0700,35.00,30.3300,24.2894,USD,USD,USD
clickadu-pub-nsd,YE,0.5329,0.0800,51313,0.4529,566.12,2.1615,23.2397,USD,USD,USD
clickadu-pub-nsd,LB,0.3129,0.1200,119928,0.1929,160.75,2.0260,23.1341,USD,USD,USD
nsd,BY,0.1400,0.0800,382989,0.0600,75.00,0.4200,22.9793,USD,USD,USD
sv2,ES,0.3200,0.3000,1132613,0.0200,6.67,158.6600,22.6523,USD,USD,USD
sv2,VN,0.2300,0.2200,2254168,0.0100,4.55,111.0400,22.5417,USD,USD,USD
nsd,PY,0.1300,0.0700,371715,0.0600,85.71,0.2800,22.3029,USD,USD,USD
sv2,ZM,1.0500,0.4400,36452,0.6100,138.64,265.0400,22.2357,USD,USD,USD
sv2,LV,0.6600,0.2800,58421,0.3800,135.71,4.9100,22.2000,USD,USD,USD
sv,TN,0.1600,0.0900,315701,0.0700,77.78,2.5800,22.0991,USD,USD,USD
nsd,DJ,0.9400,0.1500,27513,0.7900,526.67,0.5100,21.7353,USD,USD,USD
evadav-rss,BY,0.1364,0.0800,382989,0.0564,70.50,0.0090,21.6006,USD,USD,USD
sv2,ML,0.2900,0.0800,101641,0.2100,262.50,37.4300,21.3446,USD,USD,USD
sv2,CH,0.4500,0.3900,346980,0.0600,15.38,27.4300,20.8188,USD,USD,USD
clickadu-pub-nsd,AL,0.2672,0.0800,110648,0.1872,234.00,6.8914,20.7133,USD,USD,USD
sv,AT,0.3300,0.2800,411893,0.0500,17.86,1.2700,20.5947,USD,USD,USD
sv2,CD,0.5500,0.2900,76856,0.2600,89.66,82.4800,19.9826,USD,USD,USD
clickadu-pub-nsd,LV,0.5970,0.2800,58421,0.3170,113.21,0.5439,18.5195,USD,USD,USD
clickadu-pub-nsd,TR,0.1523,0.1400,1476388,0.0123,8.79,51.5748,18.1596,USD,USD,USD
sv2,PA,0.2300,0.1700,300339,0.0600,35.29,2.0000,18.0203,USD,USD,USD
clickadu-pub-nsd,BJ,1.2767,0.2700,17799,1.0067,372.85,2.6071,17.9183,USD,USD,USD
sv2,MZ,1.0700,0.8000,66093,0.2700,33.75,2.3100,17.8451,USD,USD,USD
clickadu-pub-nsd,ML,0.2553,0.0800,101641,0.1753,219.12,11.1877,17.8177,USD,USD,USD
clickadu-pub-nsd,OM,0.1471,0.0700,227465,0.0771,110.14,0.9268,17.5376,USD,USD,USD
evadav-sv,SG,0.1307,0.1100,824852,0.0207,18.82,0.6490,17.0744,USD,USD,USD
clickadu-pub-nsd,CO,0.1103,0.0900,828822,0.0203,22.56,8.6312,16.8251,USD,USD,USD
sv,MN,0.5400,0.4900,320316,0.0500,10.20,3.7300,16.0158,USD,USD,USD
sv,BG,0.4000,0.3700,532718,0.0300,8.11,2.2500,15.9815,USD,USD,USD
evadav-rss,PY,0.1129,0.0700,371715,0.0429,61.29,0.0140,15.9466,USD,USD,USD
sv,OM,0.1400,0.0700,227465,0.0700,100.00,1.1400,15.9226,USD,USD,USD
sv,BA,0.4600,0.1500,49234,0.3100,206.67,1.4700,15.2625,USD,USD,USD
sv,PA,0.2200,0.1700,300339,0.0500,29.41,0.6000,15.0169,USD,USD,USD
sv2,RS,0.2500,0.1300,120391,0.1200,92.31,40.8900,14.4469,USD,USD,USD
sv,LB,0.2400,0.1200,119928,0.1200,100.00,6.9700,14.3914,USD,USD,USD
sv,QA,0.2400,0.1000,101864,0.1400,140.00,11.7700,14.2610,USD,USD,USD
nsd,IQ,0.1500,0.1300,686737,0.0200,15.38,120.7900,13.7347,USD,USD,USD
clickadu-pub-nsd,BD,0.2327,0.2300,4954512,0.0027,1.17,63.2261,13.3772,USD,USD,USD
nsd,JO,0.2000,0.1700,445317,0.0300,17.65,7.3300,13.3595,USD,USD,USD
sv,CD,0.4600,0.2900,76856,0.1700,58.62,41.7600,13.0655,USD,USD,USD
sv,GA,0.1300,0.0500,162539,0.0800,160.00,0.1100,13.0031,USD,USD,USD
clickadu-pub-nsd,LA,0.1622,0.0900,178870,0.0722,80.22,1.2129,12.9144,USD,USD,USD
sv2,ET,0.1800,0.1200,206508,0.0600,50.00,36.6100,12.3905,USD,USD,USD
sv,LV,0.4900,0.2800,58421,0.2100,75.00,0.1800,12.2684,USD,USD,USD
sv,HR,0.3900,0.2000,62017,0.1900,95.00,9.5600,11.7832,USD,USD,USD
clickadu-pub-nsd,BF,0.2139,0.1400,155807,0.0739,52.79,0.2577,11.5141,USD,USD,USD
sv,LY,0.1200,0.0800,287591,0.0400,50.00,13.1500,11.5036,USD,USD,USD
sv2,GA,0.1200,0.0500,162539,0.0700,140.00,0.3700,11.3777,USD,USD,USD
nsd,KW,0.1500,0.0900,187224,0.0600,66.67,4.3200,11.2334,USD,USD,USD
sv2,KW,0.1500,0.0900,187224,0.0600,66.67,11.4900,11.2334,USD,USD,USD
nsd,VE,0.1400,0.1200,557576,0.0200,16.67,2.8900,11.1515,USD,USD,USD
sv2,BJ,0.8900,0.2700,17799,0.6200,229.63,12.6600,11.0354,USD,USD,USD
sv,RO,0.3400,0.3000,274383,0.0400,13.33,10.5900,10.9753,USD,USD,USD
sv,KH,0.3100,0.2500,181047,0.0600,24.00,8.0900,10.8628,USD,USD,USD
evadav-rss,BF,0.2095,0.1400,155807,0.0695,49.64,0.8750,10.8286,USD,USD,USD
clickadu-pub-nsd,AM,0.2763,0.1200,63059,0.1563,130.25,1.0438,9.8561,USD,USD,USD
nsd,ZM,0.7000,0.4400,36452,0.2600,59.09,15.5100,9.4775,USD,USD,USD
nsd,TN,0.1200,0.0900,315701,0.0300,33.33,5.8900,9.4710,USD,USD,USD
nsd,OM,0.1100,0.0700,227465,0.0400,57.14,1.4900,9.0986,USD,USD,USD
evadav-rss,DJ,0.4683,0.1500,27513,0.3183,212.20,0.0590,8.7574,USD,USD,USD
evadav-rss,ZA,0.1271,0.1200,1225822,0.0071,5.92,0.3380,8.7033,USD,USD,USD
sv2,BF,0.1900,0.1400,155807,0.0500,35.71,23.7000,7.7904,USD,USD,USD
sv2,BY,0.1000,0.0800,382989,0.0200,25.00,1.8800,7.6598,USD,USD,USD
sv2,PY,0.0900,0.0700,371715,0.0200,28.57,1.0200,7.4343,USD,USD,USD
sv2,UY,0.2100,0.1800,247497,0.0300,16.67,2.0200,7.4249,USD,USD,USD
nsd,GN,0.4300,0.2000,32170,0.2300,115.00,29.8600,7.3991,USD,USD,USD
evadav-rss,TZ,0.1296,0.1200,770157,0.0096,8.00,0.9130,7.3935,USD,USD,USD
clickadu-pub-nsd,CG,0.3752,0.2000,39201,0.1752,87.60,0.5024,6.8680,USD,USD,USD
sv2,IQ,0.1400,0.1300,686737,0.0100,7.69,231.3000,6.8674,USD,USD,USD
sv2,NZ,0.4500,0.4000,132221,0.0500,12.50,11.0900,6.6110,USD,USD,USD
clickadu-pub-nsd,MK,0.3861,0.0900,22298,0.2961,329.00,0.7876,6.6024,USD,USD,USD
evadav-rss,SA,0.1239,0.1100,452804,0.0139,12.64,1.4060,6.2940,USD,USD,USD
clickadu-pub-nsd,CD,0.3718,0.2900,76856,0.0818,28.21,20.6176,6.2868,USD,USD,USD
nsd,BF,0.1800,0.1400,155807,0.0400,28.57,0.6100,6.2323,USD,USD,USD
nsd,ET,0.1500,0.1200,206508,0.0300,25.00,3.3800,6.1952,USD,USD,USD
nsd,QA,0.1600,0.1000,101864,0.0600,60.00,2.5300,6.1118,USD,USD,USD
nsd,PA,0.1900,0.1700,300339,0.0200,11.76,0.4400,6.0068,USD,USD,USD
clickadu-pub-nsd,DJ,0.3610,0.1500,27513,0.2110,140.67,0.0787,5.8052,USD,USD,USD
clickadu-pub-nsd,SN,0.1252,0.0900,159089,0.0352,39.11,0.9457,5.5999,USD,USD,USD
sv2,KH,0.2800,0.2500,181047,0.0300,12.00,31.3300,5.4314,USD,USD,USD
sv,TG,0.1800,0.0900,59907,0.0900,100.00,0.5700,5.3916,USD,USD,USD
sv2,QA,0.1500,0.1000,101864,0.0500,50.00,11.4600,5.0932,USD,USD,USD
clickadu-pub-nsd,BY,0.0932,0.0800,382989,0.0132,16.50,0.4832,5.0555,USD,USD,USD
clickadu-pub-nsd,HT,0.3351,0.1000,21273,0.2351,235.10,0.4836,5.0013,USD,USD,USD
clickadu-pub-nsd,MM,1.0360,0.9800,88058,0.0560,5.71,3.5545,4.9312,USD,USD,USD
sv,BJ,0.5400,0.2700,17799,0.2700,100.00,0.4800,4.8057,USD,USD,USD
sv,MR,0.9300,0.7900,34116,0.1400,17.72,2.5100,4.7762,USD,USD,USD
sv2,GN,0.3200,0.2000,32170,0.1200,60.00,9.9700,3.8604,USD,USD,USD
evadav-sv,QA,0.1374,0.1000,101864,0.0374,37.40,0.3580,3.8097,USD,USD,USD
sv,PG,0.3700,0.1300,15600,0.2400,184.62,0.2500,3.7440,USD,USD,USD
nsd,PS,0.0900,0.0700,186055,0.0200,28.57,2.2700,3.7211,USD,USD,USD
sv,SO,0.8900,0.7900,37029,0.1000,12.66,4.4600,3.7029,USD,USD,USD
evadav-rss,KW,0.1095,0.0900,187224,0.0195,21.67,0.9300,3.6509,USD,USD,USD
nsd,LB,0.1500,0.1200,119928,0.0300,25.00,1.8200,3.5978,USD,USD,USD
sv2,LA,0.1100,0.0900,178870,0.0200,22.22,14.3700,3.5774,USD,USD,USD
nsd,AL,0.1100,0.0800,110648,0.0300,37.50,0.5900,3.3194,USD,USD,USD
evadav-sv,BR,0.0507,0.0500,4645395,0.0007,1.40,0.3500,3.2518,USD,USD,USD
evadav-rss,SN,0.1102,0.0900,159089,0.0202,22.44,1.0600,3.2136,USD,USD,USD
sv2,TN,0.1000,0.0900,315701,0.0100,11.11,19.9700,3.1570,USD,USD,USD
sv2,HT,0.2400,0.1000,21273,0.1400,140.00,1.6700,2.9782,USD,USD,USD
evadav-sv,DJ,0.2578,0.1500,27513,0.1078,71.87,0.0660,2.9659,USD,USD,USD
nsd,BJ,0.4300,0.2700,17799,0.1600,59.26,0.8800,2.8478,USD,USD,USD
evadav-rss,GA,0.0667,0.0500,162539,0.0167,33.40,0.0060,2.7144,USD,USD,USD
evadav-rss,PG,0.2991,0.1300,15600,0.1691,130.08,0.4140,2.6380,USD,USD,USD
clickadu-pub-nsd,BN,0.2782,0.1200,16569,0.1582,131.83,6.8081,2.6212,USD,USD,USD
evadav-rss,QA,0.1255,0.1000,101864,0.0255,25.50,0.5450,2.5975,USD,USD,USD
sv2,OM,0.0800,0.0700,227465,0.0100,14.29,18.2100,2.2747,USD,USD,USD
nsd,BW,0.2700,0.1000,13248,0.1700,170.00,0.5800,2.2522,USD,USD,USD
clickadu-pub-nsd,MV,0.2319,0.1000,16786,0.1319,131.90,0.3006,2.2141,USD,USD,USD
clickadu-pub-nsd,ZW,0.5232,0.3000,9722,0.2232,74.40,0.2485,2.1700,USD,USD,USD
sv2,ZW,0.5200,0.3000,9722,0.2200,73.33,9.2900,2.1388,USD,USD,USD
sv,BH,0.1600,0.1400,106929,0.0200,14.29,1.1100,2.1386,USD,USD,USD
nsd,CZ,0.3300,0.3200,212307,0.0100,3.13,2.8400,2.1231,USD,USD,USD
clickadu-pub-nsd,NA,0.4126,0.1200,6991,0.2926,243.83,0.1403,2.0456,USD,USD,USD
clickadu-pub-nsd,LT,0.3993,0.3800,103510,0.0193,5.08,0.6673,1.9977,USD,USD,USD
clickadu-pub-nsd,BW,0.2483,0.1000,13248,0.1483,148.30,0.1105,1.9647,USD,USD,USD
sv,RW,0.2200,0.1000,14733,0.1200,120.00,0.5800,1.7680,USD,USD,USD
sv,HT,0.1700,0.1000,21273,0.0700,70.00,0.3400,1.4891,USD,USD,USD
clickadu-pub-nsd,LR,0.2894,0.0900,6987,0.1994,221.56,0.3739,1.3932,USD,USD,USD
sv,NA,0.3000,0.1200,6991,0.1800,150.00,0.1500,1.2584,USD,USD,USD
nsd,RE,0.2500,0.2000,22630,0.0500,25.00,0.5200,1.1315,USD,USD,USD
sv,AL,0.0900,0.0800,110648,0.0100,12.50,0.2100,1.1065,USD,USD,USD
evadav-rss,BI,0.3423,0.1000,4402,0.2423,242.30,0.0890,1.0666,USD,USD,USD
clickadu-pub-nsd,BA,0.1713,0.1500,49234,0.0213,14.20,4.9387,1.0487,USD,USD,USD
clickadu-pub-nsd,GN,0.2316,0.2000,32170,0.0316,15.80,1.1390,1.0166,USD,USD,USD
sv,ML,0.0900,0.0800,101641,0.0100,12.50,7.5400,1.0164,USD,USD,USD
sv,MV,0.1600,0.1000,16786,0.0600,60.00,0.1600,1.0072,USD,USD,USD
clickadu-pub-nsd,TG,0.1066,0.0900,59907,0.0166,18.44,0.1799,0.9945,USD,USD,USD
evadav-rss,RW,0.1606,0.1000,14733,0.0606,60.60,0.0310,0.8928,USD,USD,USD
sv,BW,0.1600,0.1000,13248,0.0600,60.00,0.1100,0.7949,USD,USD,USD
nsd,CD,0.3000,0.2900,76856,0.0100,3.45,17.9400,0.7686,USD,USD,USD
sv,SK,0.3300,0.3200,74797,0.0100,3.13,0.4300,0.7480,USD,USD,USD
evadav-rss,MQ,0.1897,0.1300,12214,0.0597,45.92,0.0220,0.7292,USD,USD,USD
sv2,LS,0.7500,0.3000,1611,0.4500,150.00,1.1400,0.7250,USD,USD,USD
sv,SV,0.0800,0.0700,71952,0.0100,14.29,0.2900,0.7195,USD,USD,USD
sv,CF,0.7000,0.1900,1397,0.5100,268.42,0.1400,0.7125,USD,USD,USD
nsd,ZW,0.3700,0.3000,9722,0.0700,23.33,0.7700,0.6805,USD,USD,USD
sv2,BW,0.1500,0.1000,13248,0.0500,50.00,1.9500,0.6624,USD,USD,USD
evadav-rss,MV,0.1374,0.1000,16786,0.0374,37.40,0.1450,0.6278,USD,USD,USD
clickadu-pub-nsd,SL,0.2031,0.1000,5792,0.1031,103.10,0.1976,0.5972,USD,USD,USD
nsd,ME,0.1700,0.1100,9914,0.0600,54.55,0.8500,0.5948,USD,USD,USD
nsd,MD,0.1200,0.1100,54142,0.0100,9.09,0.3300,0.5414,USD,USD,USD
sv,YE,0.0900,0.0800,51313,0.0100,12.50,0.4600,0.5131,USD,USD,USD
evadav-rss,SL,0.1678,0.1000,5792,0.0678,67.80,0.0970,0.3927,USD,USD,USD
sv,CG,0.2100,0.2000,39201,0.0100,5.00,0.8500,0.3920,USD,USD,USD
sv,LR,0.1400,0.0900,6987,0.0500,55.56,0.2300,0.3494,USD,USD,USD
clickadu-pub-nsd,GY,0.1267,0.0900,9482,0.0367,40.78,0.0679,0.3480,USD,USD,USD
clickadu-pub-nsd,BI,0.1724,0.1000,4402,0.0724,72.40,0.0619,0.3187,USD,USD,USD
sv,BI,0.1700,0.1000,4402,0.0700,70.00,0.0700,0.3081,USD,USD,USD
clickadu-pub-nsd,RW,0.1201,0.1000,14733,0.0201,20.10,0.0586,0.2961,USD,USD,USD
nsd,RW,0.1200,0.1000,14733,0.0200,20.00,0.3400,0.2947,USD,USD,USD
sv,AS,0.1300,0.0900,7133,0.0400,44.44,0.0000,0.2853,USD,USD,USD
clickadu-pub-nsd,GW,0.2084,0.1000,2324,0.1084,108.40,0.1038,0.2519,USD,USD,USD
clickadu-pub-nsd,GL,0.5833,0.1300,550,0.4533,348.69,0.0105,0.2493,USD,USD,USD
clickadu-pub-nsd,GG,0.4321,0.1500,864,0.2821,188.07,0.0242,0.2437,USD,USD,USD
sv,LS,0.4500,0.3000,1611,0.1500,50.00,0.0700,0.2417,USD,USD,USD
nsd,CF,0.3600,0.1900,1397,0.1700,89.47,0.1200,0.2375,USD,USD,USD
sv,SL,0.1300,0.1000,5792,0.0300,30.00,0.2300,0.1738,USD,USD,USD
evadav-sv,SL,0.1299,0.1000,5792,0.0299,29.90,0.2160,0.1732,USD,USD,USD
nsd,MV,0.1100,0.1000,16786,0.0100,10.00,0.5200,0.1679,USD,USD,USD
nsd,BN,0.1300,0.1200,16569,0.0100,8.33,0.3100,0.1657,USD,USD,USD
sv2,BS,0.1100,0.0900,7429,0.0200,22.22,1.8100,0.1486,USD,USD,USD
evadav-rss,BW,0.1111,0.1000,13248,0.0111,11.10,0.0080,0.1471,USD,USD,USD
evadav-rss,ZM,0.4440,0.4400,36452,0.0040,0.91,1.4310,0.1458,USD,USD,USD
clickadu-pub-nsd,AS,0.1091,0.0900,7133,0.0191,21.22,0.5864,0.1362,USD,USD,USD
clickadu-pub-nsd,LS,0.3807,0.3000,1611,0.0807,26.90,0.0316,0.1300,USD,USD,USD
sv,SC,0.1300,0.1000,4099,0.0300,30.00,0.0600,0.1230,USD,USD,USD
sv2,CF,0.2700,0.1900,1397,0.0800,42.11,0.1600,0.1118,USD,USD,USD
evadav-rss,HT,0.1052,0.1000,21273,0.0052,5.20,0.1010,0.1106,USD,USD,USD
evadav-rss,CF,0.2667,0.1900,1397,0.0767,40.37,0.0080,0.1071,USD,USD,USD
evadav-sv,BI,0.1218,0.1000,4402,0.0218,21.80,0.0290,0.0960,USD,USD,USD
nsd,BI,0.1200,0.1000,4402,0.0200,20.00,0.1400,0.0880,USD,USD,USD
clickadu-pub-nsd,SZ,0.1222,0.1000,3330,0.0222,22.20,0.0330,0.0739,USD,USD,USD
clickadu-pub-nsd,BM,0.1241,0.0900,2117,0.0341,37.89,0.0072,0.0722,USD,USD,USD
evadav-sv,CF,0.2407,0.1900,1397,0.0507,26.68,0.0130,0.0708,USD,USD,USD
evadav-rss,NA,0.1282,0.1200,6991,0.0082,6.83,0.0150,0.0573,USD,USD,USD
clickadu-pub-nsd,GQ,0.1229,0.1000,2486,0.0229,22.90,0.0231,0.0569,USD,USD,USD
evadav-rss,LS,0.3333,0.3000,1611,0.0333,11.10,0.0100,0.0536,USD,USD,USD
sv,KY,0.1200,0.0900,1656,0.0300,33.33,0.0300,0.0497,USD,USD,USD
clickadu-pub-nsd,NC,0.1346,0.1200,3128,0.0146,12.17,0.0331,0.0457,USD,USD,USD
sv,GL,0.2100,0.1300,550,0.0800,61.54,0.0100,0.0440,USD,USD,USD
sv,AG,0.1200,0.1000,2162,0.0200,20.00,0.0200,0.0432,USD,USD,USD
sv,BM,0.1100,0.0900,2117,0.0200,22.22,0.0200,0.0423,USD,USD,USD
clickadu-pub-nsd,SB,0.1031,0.0900,3057,0.0131,14.56,0.5471,0.0400,USD,USD,USD
clickadu-pub-nsd,SV,0.0705,0.0700,71952,0.0005,0.71,0.1192,0.0360,USD,USD,USD
sv,TM,0.2100,0.1500,513,0.0600,40.00,0.0100,0.0308,USD,USD,USD
evadav-rss,CK,0.1818,0.0900,317,0.0918,102.00,0.0020,0.0291,USD,USD,USD
clickadu-pub-nsd,TV,0.2446,0.1000,193,0.1446,144.60,0.0203,0.0279,USD,USD,USD
evadav-rss,KI,0.1667,0.1200,532,0.0467,38.92,0.0010,0.0248,USD,USD,USD
evadav-rss,TV,0.2000,0.1000,193,0.1000,100.00,0.0010,0.0193,USD,USD,USD
sv2,VC,0.1000,0.0900,1604,0.0100,11.11,0.4000,0.0160,USD,USD,USD
sv,BQ,0.1500,0.1100,397,0.0400,36.36,0.0200,0.0159,USD,USD,USD
sv,CK,0.1400,0.0900,317,0.0500,55.56,0.0000,0.0159,USD,USD,USD
clickadu-pub-nsd,VI,0.1142,0.1000,1026,0.0142,14.20,0.0145,0.0146,USD,USD,USD
nsd,SH,0.7300,0.1200,23,0.6100,508.33,0.0000,0.0140,USD,USD,USD
evadav-rss,AX,1.0000,0.1200,14,0.8800,733.33,0.0010,0.0123,USD,USD,USD
sv,PW,0.1200,0.1000,575,0.0200,20.00,0.0100,0.0115,USD,USD,USD
evadav-rss,FM,0.1026,0.0900,875,0.0126,14.00,0.0040,0.0110,USD,USD,USD
sv,NR,0.1400,0.1000,218,0.0400,40.00,0.0000,0.0087,USD,USD,USD
sv,IO,0.1400,0.1000,167,0.0400,40.00,0.0000,0.0067,USD,USD,USD
evadav-rss,MC,0.1429,0.1300,489,0.0129,9.92,0.0010,0.0063,USD,USD,USD
sv,MC,0.1400,0.1300,489,0.0100,7.69,0.0100,0.0049,USD,USD,USD
sv,TV,0.1200,0.1000,193,0.0200,20.00,0.0000,0.0039,USD,USD,USD
nsd,CK,0.1000,0.0900,317,0.0100,11.11,0.0100,0.0032,USD,USD,USD
evadav-rss,AD,0.0909,0.0900,3458,0.0009,1.00,0.0010,0.0031,USD,USD,USD
sv,PM,0.1500,0.1200,95,0.0300,25.00,0.0000,0.0028,USD,USD,USD
sv,ER,0.1600,0.1100,51,0.0500,45.45,0.0000,0.0026,USD,USD,USD
sv,AX,0.2600,0.1200,14,0.1400,116.67,0.0000,0.0020,USD,USD,USD
clickadu-pub-nsd,MP,0.2250,0.0900,14,0.1350,150.00,0.0018,0.0019,USD,USD,USD
evadav-sv,TV,0.1053,0.1000,193,0.0053,5.30,0.0020,0.0010,USD,USD,USD
evadav-rss,BQ,0.1111,0.1100,397,0.0011,1.00,0.0010,0.0004,USD,USD,USD
evadav-rss,AI,0.0909,0.0900,254,0.0009,1.00,0.0010,0.0002,USD,USD,USD
sv2,DZ,0.1300,0.1300,999432,0.0000,0.00,125.0100,0.0000,USD,USD,USD
sv2,AT,0.2800,0.2800,411893,0.0000,0.00,21.0300,0.0000,USD,USD,USD
sv,PY,0.0700,0.0700,371715,0.0000,0.00,0.0700,0.0000,USD,USD,USD
sv,PS,0.0700,0.0700,186055,0.0000,0.00,0.2900,0.0000,USD,USD,USD
nsd,SV,0.0700,0.0700,71952,0.0000,0.00,0.5300,0.0000,USD,USD,USD
nsd,BA,0.1500,0.1500,49234,0.0000,0.00,0.9500,0.0000,USD,USD,USD
nsd,HT,0.1000,0.1000,21273,0.0000,0.00,0.5700,0.0000,USD,USD,USD
nsd,KH,0.2500,0.2500,181047,0.0000,0.00,15.8400,0.0000,USD,USD,USD
nsd,LY,0.0800,0.0800,287591,0.0000,0.00,12.3200,0.0000,USD,USD,USD
nsd,NR,0.1000,0.1000,218,0.0000,0.00,0.0000,0.0000,USD,USD,USD
nsd,ST,0.1000,0.1000,581,0.0000,0.00,0.0100,0.0000,USD,USD,USD
nsd,YE,0.0800,0.0800,51313,0.0000,0.00,1.6500,0.0000,USD,USD,USD
sv2,BA,0.1500,0.1500,49234,0.0000,0.00,2.4000,0.0000,USD,USD,USD
sv2,CL,0.2900,0.2900,2503676,0.0000,0.00,14.3200,0.0000,USD,USD,USD
sv2,LY,0.0800,0.0800,287591,0.0000,0.00,23.8800,0.0000,USD,USD,USD
sv,HN,0.1100,0.1100,89742,0.0000,0.00,0.5800,0.0000,USD,USD,USD
sv,SZ,0.1000,0.1000,3330,0.0000,0.00,0.0500,0.0000,USD,USD,USD
sv,MP,0.0900,0.0900,14,-0.0000,-0.00,0.0000,-0.0000,USD,USD,USD
sv2,SH,0.1200,0.1200,23,-0.0000,-0.00,0.0000,-0.0000,USD,USD,USD
sv,MH,0.0900,0.0900,428,-0.0000,-0.00,0.0000,-0.0000,USD,USD,USD
sv2,KY,0.0900,0.0900,1656,-0.0000,-0.00,0.3300,-0.0000,USD,USD,USD
sv,VU,0.0900,0.0900,1739,-0.0000,-0.00,0.0200,-0.0000,USD,USD,USD
sv,NC,0.1200,0.1200,3128,-0.0000,-0.00,0.0400,-0.0000,USD,USD,USD
sv2,BN,0.1200,0.1200,16569,-0.0000,-0.00,1.7800,-0.0000,USD,USD,USD
sv2,LB,0.1200,0.1200,119928,-0.0000,-0.00,7.3700,-0.0000,USD,USD,USD
nsd,LA,0.0900,0.0900,178870,-0.0000,-0.00,12.8600,-0.0000,USD,USD,USD
sv,LA,0.0900,0.0900,178870,-0.0000,-0.00,2.3500,-0.0000,USD,USD,USD
nsd,ER,0.1000,0.1100,51,-0.0100,-9.09,0.0000,-0.0005,USD,USD,USD
clickadu-pub-nsd,NF,0.0800,0.1300,14,-0.0500,-38.46,0.0004,-0.0007,USD,USD,USD
sv,MS,0.0500,0.1400,9,-0.0900,-64.29,0.0000,-0.0008,USD,USD,USD
nsd,AX,0.0600,0.1200,14,-0.0600,-50.00,0.0000,-0.0008,USD,USD,USD
nsd,MP,0.0300,0.0900,14,-0.0600,-66.67,0.0000,-0.0008,USD,USD,USD
sv2,MP,0.0300,0.0900,14,-0.0600,-66.67,0.0100,-0.0008,USD,USD,USD
sv,SJ,0.0800,0.1200,21,-0.0400,-33.33,0.0000,-0.0008,USD,USD,USD
nsd,MS,0.0400,0.1400,9,-0.1000,-71.43,0.0000,-0.0009,USD,USD,USD
sv2,MS,0.0400,0.1400,9,-0.1000,-71.43,0.0000,-0.0009,USD,USD,USD
sv2,AX,0.0400,0.1200,14,-0.0800,-66.67,0.0000,-0.0011,USD,USD,USD
clickadu-pub-nsd,BL,0.1105,0.1300,78,-0.0195,-15.00,0.0021,-0.0015,USD,USD,USD
sv2,BL,0.1100,0.1300,78,-0.0200,-15.38,0.0000,-0.0016,USD,USD,USD
sv2,IO,0.0900,0.1000,167,-0.0100,-10.00,0.0000,-0.0017,USD,USD,USD
sv2,NU,0.0500,0.1100,29,-0.0600,-54.55,0.0000,-0.0017,USD,USD,USD
sv,SH,0.0400,0.1200,23,-0.0800,-66.67,0.0000,-0.0018,USD,USD,USD
sv2,TK,0.0000,0.1100,18,-0.1100,-100.00,0.0000,-0.0020,USD,USD,USD
sv2,SJ,0.0000,0.1200,21,-0.1200,-100.00,0.0000,-0.0025,USD,USD,USD
evadav-rss,MH,0.0833,0.0900,428,-0.0067,-7.44,0.0010,-0.0029,USD,USD,USD
clickadu-pub-nsd,FM,0.0865,0.0900,875,-0.0035,-3.89,0.0032,-0.0031,USD,USD,USD
clickadu-pub-nsd,MH,0.0800,0.0900,428,-0.0100,-11.11,0.0012,-0.0043,USD,USD,USD
sv,BL,0.0700,0.1300,78,-0.0600,-46.15,0.0000,-0.0047,USD,USD,USD
sv2,FK,0.0500,0.1300,66,-0.0800,-61.54,0.0000,-0.0053,USD,USD,USD
sv2,ER,0.0000,0.1100,51,-0.1100,-100.00,0.0000,-0.0056,USD,USD,USD
sv,WF,0.0800,0.1300,122,-0.0500,-38.46,0.0000,-0.0061,USD,USD,USD
nsd,FK,0.0300,0.1300,66,-0.1000,-76.92,0.0000,-0.0066,USD,USD,USD
nsd,PM,0.0500,0.1200,95,-0.0700,-58.33,0.0000,-0.0067,USD,USD,USD
sv,SX,0.0800,0.0900,680,-0.0100,-11.11,0.0100,-0.0068,USD,USD,USD
sv2,WF,0.0700,0.1300,122,-0.0600,-46.15,0.0000,-0.0073,USD,USD,USD
evadav-sv,CK,0.0667,0.0900,317,-0.0233,-25.89,0.0010,-0.0074,USD,USD,USD
sv2,TV,0.0600,0.1000,193,-0.0400,-40.00,0.0100,-0.0077,USD,USD,USD
evadav-sv,NR,0.0625,0.1000,218,-0.0375,-37.50,0.0010,-0.0082,USD,USD,USD
nsd,IO,0.0500,0.1000,167,-0.0500,-50.00,0.0000,-0.0083,USD,USD,USD
sv2,PM,0.0300,0.1200,95,-0.0900,-75.00,0.0000,-0.0086,USD,USD,USD
sv,KN,0.0900,0.1000,855,-0.0100,-10.00,0.0100,-0.0086,USD,USD,USD
nsd,BL,0.0200,0.1300,78,-0.1100,-84.62,0.0000,-0.0086,USD,USD,USD
sv,FM,0.0800,0.0900,875,-0.0100,-11.11,0.0100,-0.0088,USD,USD,USD
clickadu-pub-nsd,PW,0.0842,0.1000,575,-0.0158,-15.80,0.0016,-0.0091,USD,USD,USD
nsd,KP,0.0000,0.1500,62,-0.1500,-100.00,0.0000,-0.0093,USD,USD,USD
sv2,KP,0.0000,0.1500,62,-0.1500,-100.00,0.0000,-0.0093,USD,USD,USD
sv,KP,0.0000,0.1500,62,-0.1500,-100.00,0.0000,-0.0093,USD,USD,USD
sv,TC,0.0800,0.1000,474,-0.0200,-20.00,0.0100,-0.0095,USD,USD,USD
evadav-sv,PW,0.0833,0.1000,575,-0.0167,-16.70,0.0010,-0.0096,USD,USD,USD
nsd,TV,0.0500,0.1000,193,-0.0500,-50.00,0.0000,-0.0097,USD,USD,USD
evadav-sv,AI,0.0513,0.0900,254,-0.0387,-43.00,0.0040,-0.0098,USD,USD,USD
evadav-rss,KN,0.0870,0.1000,855,-0.0130,-13.00,0.0020,-0.0111,USD,USD,USD
sv,ST,0.0800,0.1000,581,-0.0200,-20.00,0.0100,-0.0116,USD,USD,USD
nsd,WF,0.0300,0.1300,122,-0.1000,-76.92,0.0000,-0.0122,USD,USD,USD
clickadu-pub-nsd,TC,0.0733,0.1000,474,-0.0267,-26.70,0.0022,-0.0127,USD,USD,USD
sv,AI,0.0400,0.0900,254,-0.0500,-55.56,0.0100,-0.0127,USD,USD,USD
evadav-rss,VG,0.0909,0.1100,667,-0.0191,-17.36,0.0010,-0.0127,USD,USD,USD
sv2,NR,0.0400,0.1000,218,-0.0600,-60.00,0.0000,-0.0131,USD,USD,USD
clickadu-pub-nsd,AI,0.0379,0.0900,254,-0.0521,-57.89,0.0022,-0.0132,USD,USD,USD
sv,SM,0.0900,0.1300,379,-0.0400,-30.77,0.0100,-0.0152,USD,USD,USD
clickadu-pub-nsd,TM,0.1200,0.1500,513,-0.0300,-20.00,0.0006,-0.0154,USD,USD,USD
sv2,CK,0.0400,0.0900,317,-0.0500,-55.56,0.0100,-0.0159,USD,USD,USD
clickadu-pub-nsd,MF,0.0985,0.1200,756,-0.0215,-17.92,0.0130,-0.0163,USD,USD,USD
clickadu-pub-nsd,CF,0.1778,0.1900,1397,-0.0122,-6.42,0.0032,-0.0170,USD,USD,USD
sv2,KN,0.0800,0.1000,855,-0.0200,-20.00,0.1300,-0.0171,USD,USD,USD
nsd,AI,0.0200,0.0900,254,-0.0700,-77.78,0.0100,-0.0178,USD,USD,USD
sv2,AI,0.0200,0.0900,254,-0.0700,-77.78,0.0100,-0.0178,USD,USD,USD
clickadu-pub-nsd,CK,0.0333,0.0900,317,-0.0567,-63.00,0.0002,-0.0180,USD,USD,USD
sv,AW,0.0900,0.1000,1947,-0.0100,-10.00,0.0300,-0.0195,USD,USD,USD
nsd,BQ,0.0600,0.1100,397,-0.0500,-45.45,0.0000,-0.0199,USD,USD,USD
sv,VG,0.0800,0.1100,667,-0.0300,-27.27,0.0100,-0.0200,USD,USD,USD
clickadu-pub-nsd,KI,0.0808,0.1200,532,-0.0392,-32.67,0.2423,-0.0209,USD,USD,USD
nsd,MH,0.0400,0.0900,428,-0.0500,-55.56,0.0000,-0.0214,USD,USD,USD
sv2,MH,0.0400,0.0900,428,-0.0500,-55.56,0.0100,-0.0214,USD,USD,USD
nsd,SM,0.0700,0.1300,379,-0.0600,-46.15,0.0100,-0.0227,USD,USD,USD
sv2,ST,0.0600,0.1000,581,-0.0400,-40.00,0.0500,-0.0232,USD,USD,USD
evadav-rss,TC,0.0500,0.1000,474,-0.0500,-50.00,0.0010,-0.0237,USD,USD,USD
evadav-sv,MC,0.0811,0.1300,489,-0.0489,-37.62,0.0030,-0.0239,USD,USD,USD
evadav-rss,SM,0.0667,0.1300,379,-0.0633,-48.69,0.0010,-0.0240,USD,USD,USD
evadav-sv,SM,0.0667,0.1300,379,-0.0633,-48.69,0.0010,-0.0240,USD,USD,USD
nsd,MC,0.0800,0.1300,489,-0.0500,-38.46,0.0100,-0.0244,USD,USD,USD
clickadu-pub-nsd,MC,0.0789,0.1300,489,-0.0511,-39.31,0.0015,-0.0250,USD,USD,USD
evadav-sv,MH,0.0303,0.0900,428,-0.0597,-66.33,0.0010,-0.0256,USD,USD,USD
evadav-sv,VG,0.0714,0.1100,667,-0.0386,-35.09,0.0010,-0.0257,USD,USD,USD
clickadu-pub-nsd,DM,0.0611,0.1000,674,-0.0389,-38.90,0.0022,-0.0262,USD,USD,USD
sv2,SM,0.0600,0.1300,379,-0.0700,-53.85,0.0100,-0.0265,USD,USD,USD
sv,DM,0.0600,0.1000,674,-0.0400,-40.00,0.0100,-0.0270,USD,USD,USD
nsd,GL,0.0800,0.1300,550,-0.0500,-38.46,0.0000,-0.0275,USD,USD,USD
sv2,BQ,0.0400,0.1100,397,-0.0700,-63.64,0.0300,-0.0278,USD,USD,USD
evadav-sv,FM,0.0580,0.0900,875,-0.0320,-35.56,0.0040,-0.0280,USD,USD,USD
nsd,TC,0.0400,0.1000,474,-0.0600,-60.00,0.0100,-0.0284,USD,USD,USD
evadav-sv,SX,0.0476,0.0900,680,-0.0424,-47.11,0.0030,-0.0288,USD,USD,USD
clickadu-pub-nsd,ST,0.0486,0.1000,581,-0.0514,-51.40,0.0034,-0.0299,USD,USD,USD
clickadu-pub-nsd,GI,0.0632,0.1200,540,-0.0568,-47.33,0.0012,-0.0307,USD,USD,USD
nsd,VI,0.0700,0.1000,1026,-0.0300,-30.00,0.0200,-0.0308,USD,USD,USD
sv,VI,0.0700,0.1000,1026,-0.0300,-30.00,0.0100,-0.0308,USD,USD,USD
evadav-sv,TC,0.0328,0.1000,474,-0.0672,-67.20,0.0020,-0.0319,USD,USD,USD
evadav-rss,DM,0.0526,0.1000,674,-0.0474,-47.40,0.0020,-0.0319,USD,USD,USD
nsd,GI,0.0600,0.1200,540,-0.0600,-50.00,0.0100,-0.0324,USD,USD,USD
sv2,TC,0.0300,0.1000,474,-0.0700,-70.00,0.0400,-0.0332,USD,USD,USD
evadav-rss,SX,0.0400,0.0900,680,-0.0500,-55.56,0.0010,-0.0340,USD,USD,USD
nsd,SX,0.0400,0.0900,680,-0.0500,-55.56,0.0100,-0.0340,USD,USD,USD
nsd,GG,0.1100,0.1500,864,-0.0400,-26.67,0.0200,-0.0346,USD,USD,USD
sv,AD,0.0800,0.0900,3458,-0.0100,-11.11,0.0100,-0.0346,USD,USD,USD
clickadu-pub-nsd,BQ,0.0194,0.1100,397,-0.0906,-82.36,0.0007,-0.0360,USD,USD,USD
clickadu-pub-nsd,FO,0.0870,0.1300,838,-0.0430,-33.08,0.0020,-0.0360,USD,USD,USD
evadav-rss,BT,0.0833,0.0900,5435,-0.0067,-7.44,0.0030,-0.0364,USD,USD,USD
sv,GD,0.0800,0.1000,1836,-0.0200,-20.00,0.0200,-0.0367,USD,USD,USD
sv2,MC,0.0500,0.1300,489,-0.0800,-61.54,0.0200,-0.0391,USD,USD,USD
sv,TO,0.0600,0.0900,1330,-0.0300,-33.33,0.0100,-0.0399,USD,USD,USD
nsd,VG,0.0500,0.1100,667,-0.0600,-54.55,0.0100,-0.0400,USD,USD,USD
nsd,PW,0.0300,0.1000,575,-0.0700,-70.00,0.0000,-0.0403,USD,USD,USD
sv2,PW,0.0300,0.1000,575,-0.0700,-70.00,0.0100,-0.0403,USD,USD,USD
nsd,DM,0.0400,0.1000,674,-0.0600,-60.00,0.0100,-0.0404,USD,USD,USD
sv2,DM,0.0400,0.1000,674,-0.0600,-60.00,0.1200,-0.0404,USD,USD,USD
sv,WS,0.0600,0.0700,4100,-0.0100,-14.29,0.0300,-0.0410,USD,USD,USD
evadav-rss,TO,0.0588,0.0900,1330,-0.0312,-34.67,0.0040,-0.0415,USD,USD,USD
sv,FO,0.0800,0.1300,838,-0.0500,-38.46,0.0100,-0.0419,USD,USD,USD
nsd,KI,0.0400,0.1200,532,-0.0800,-66.67,0.0000,-0.0426,USD,USD,USD
sv,KI,0.0400,0.1200,532,-0.0800,-66.67,0.0100,-0.0426,USD,USD,USD
sv,GG,0.1000,0.1500,864,-0.0500,-33.33,0.0100,-0.0432,USD,USD,USD
sv,GI,0.0400,0.1200,540,-0.0800,-66.67,0.0000,-0.0432,USD,USD,USD
clickadu-pub-nsd,KN,0.0491,0.1000,855,-0.0509,-50.90,0.0026,-0.0435,USD,USD,USD
clickadu-pub-nsd,SM,0.0150,0.1300,379,-0.1150,-88.46,0.0003,-0.0436,USD,USD,USD
nsd,FM,0.0400,0.0900,875,-0.0500,-55.56,0.0200,-0.0438,USD,USD,USD
evadav-sv,DM,0.0345,0.1000,674,-0.0655,-65.50,0.0010,-0.0441,USD,USD,USD
clickadu-pub-nsd,TO,0.0554,0.0900,1330,-0.0346,-38.44,0.0051,-0.0460,USD,USD,USD
sv2,GW,0.0800,0.1000,2324,-0.0200,-20.00,0.1400,-0.0465,USD,USD,USD
sv,GW,0.0800,0.1000,2324,-0.0200,-20.00,0.0700,-0.0465,USD,USD,USD
sv2,SX,0.0200,0.0900,680,-0.0700,-77.78,0.0400,-0.0476,USD,USD,USD
evadav-rss,AS,0.0833,0.0900,7133,-0.0067,-7.44,0.0010,-0.0478,USD,USD,USD
evadav-rss,VU,0.0625,0.0900,1739,-0.0275,-30.56,0.0030,-0.0478,USD,USD,USD
sv2,KI,0.0300,0.1200,532,-0.0900,-75.00,0.0100,-0.0479,USD,USD,USD
sv,VC,0.0600,0.0900,1604,-0.0300,-33.33,0.0100,-0.0481,USD,USD,USD
sv2,GI,0.0300,0.1200,540,-0.0900,-75.00,0.0200,-0.0486,USD,USD,USD
clickadu-pub-nsd,KY,0.0606,0.0900,1656,-0.0294,-32.67,0.0043,-0.0487,USD,USD,USD
sv2,GL,0.0300,0.1300,550,-0.1000,-76.92,0.0100,-0.0550,USD,USD,USD
nsd,TM,0.0400,0.1500,513,-0.1100,-73.33,0.0000,-0.0564,USD,USD,USD
sv,GU,0.0800,0.1000,2854,-0.0200,-20.00,0.0300,-0.0571,USD,USD,USD
sv2,SL,0.0900,0.1000,5792,-0.0100,-10.00,1.0600,-0.0579,USD,USD,USD
evadav-rss,IM,0.0714,0.1200,1198,-0.0486,-40.50,0.0010,-0.0582,USD,USD,USD
evadav-sv,FO,0.0588,0.1300,838,-0.0712,-54.77,0.0010,-0.0597,USD,USD,USD
clickadu-pub-nsd,VG,0.0204,0.1100,667,-0.0896,-81.45,0.0011,-0.0598,USD,USD,USD
nsd,KN,0.0300,0.1000,855,-0.0700,-70.00,0.0100,-0.0599,USD,USD,USD
sv,IM,0.0700,0.1200,1198,-0.0500,-41.67,0.0200,-0.0599,USD,USD,USD
sv2,VG,0.0200,0.1100,667,-0.0900,-81.82,0.0100,-0.0600,USD,USD,USD
nsd,MF,0.0400,0.1200,756,-0.0800,-66.67,0.0000,-0.0605,USD,USD,USD
sv,CW,0.0800,0.1000,3037,-0.0200,-20.00,0.0400,-0.0607,USD,USD,USD
sv2,FM,0.0200,0.0900,875,-0.0700,-77.78,0.0300,-0.0613,USD,USD,USD
evadav-rss,VI,0.0400,0.1000,1026,-0.0600,-60.00,0.0010,-0.0616,USD,USD,USD
sv2,VI,0.0400,0.1000,1026,-0.0600,-60.00,0.0500,-0.0616,USD,USD,USD
evadav-rss,SB,0.0696,0.0900,3057,-0.0204,-22.67,0.0110,-0.0624,USD,USD,USD
evadav-sv,KN,0.0256,0.1000,855,-0.0744,-74.40,0.0010,-0.0636,USD,USD,USD
evadav-sv,TO,0.0413,0.0900,1330,-0.0487,-54.11,0.0050,-0.0648,USD,USD,USD
evadav-sv,VI,0.0357,0.1000,1026,-0.0643,-64.30,0.0040,-0.0660,USD,USD,USD
nsd,KY,0.0500,0.0900,1656,-0.0400,-44.44,0.0200,-0.0662,USD,USD,USD
nsd,TO,0.0400,0.0900,1330,-0.0500,-55.56,0.0400,-0.0665,USD,USD,USD
nsd,SZ,0.0800,0.1000,3330,-0.0200,-20.00,0.1100,-0.0666,USD,USD,USD
sv2,TM,0.0200,0.1500,513,-0.1300,-86.67,0.0000,-0.0667,USD,USD,USD
evadav-sv,IM,0.0638,0.1200,1198,-0.0562,-46.83,0.0030,-0.0673,USD,USD,USD
sv2,BB,0.0700,0.0800,6734,-0.0100,-12.50,0.8300,-0.0673,USD,USD,USD
sv,BB,0.0700,0.0800,6734,-0.0100,-12.50,0.0400,-0.0673,USD,USD,USD
sv2,MF,0.0300,0.1200,756,-0.0900,-75.00,0.0100,-0.0680,USD,USD,USD
sv,MF,0.0300,0.1200,756,-0.0900,-75.00,0.0000,-0.0680,USD,USD,USD
clickadu-pub-nsd,VC,0.0472,0.0900,1604,-0.0428,-47.56,0.0017,-0.0687,USD,USD,USD
nsd,VU,0.0500,0.0900,1739,-0.0400,-44.44,0.0300,-0.0696,USD,USD,USD
sv2,VU,0.0500,0.0900,1739,-0.0400,-44.44,0.0600,-0.0696,USD,USD,USD
nsd,GW,0.0700,0.1000,2324,-0.0300,-30.00,0.1500,-0.0697,USD,USD,USD
sv2,NA,0.1100,0.1200,6991,-0.0100,-8.33,0.5400,-0.0699,USD,USD,USD
sv2,AS,0.0800,0.0900,7133,-0.0100,-11.11,0.2200,-0.0713,USD,USD,USD
clickadu-pub-nsd,GD,0.0608,0.1000,1836,-0.0392,-39.20,0.0062,-0.0720,USD,USD,USD
sv,LC,0.0700,0.0900,3674,-0.0200,-22.22,0.0200,-0.0735,USD,USD,USD
evadav-sv,VU,0.0472,0.0900,1739,-0.0428,-47.56,0.0100,-0.0744,USD,USD,USD
sv,FJ,0.0700,0.0800,7481,-0.0100,-12.50,0.0600,-0.0748,USD,USD,USD
nsd,FO,0.0400,0.1300,838,-0.0900,-69.23,0.0100,-0.0754,USD,USD,USD
evadav-rss,KM,0.0631,0.0900,2884,-0.0269,-29.89,0.0140,-0.0776,USD,USD,USD
nsd,GF,0.1000,0.1500,1578,-0.0500,-33.33,0.0700,-0.0789,USD,USD,USD
sv2,TO,0.0300,0.0900,1330,-0.0600,-66.67,0.0300,-0.0798,USD,USD,USD
evadav-rss,KY,0.0417,0.0900,1656,-0.0483,-53.67,0.0010,-0.0800,USD,USD,USD
nsd,VC,0.0400,0.0900,1604,-0.0500,-55.56,0.0100,-0.0802,USD,USD,USD
nsd,WS,0.0500,0.0700,4100,-0.0200,-28.57,0.0900,-0.0820,USD,USD,USD
sv2,WS,0.0500,0.0700,4100,-0.0200,-28.57,0.0700,-0.0820,USD,USD,USD
evadav-rss,CU,0.0556,0.0600,18823,-0.0044,-7.33,0.0150,-0.0828,USD,USD,USD
sv2,FO,0.0300,0.1300,838,-0.1000,-76.92,0.0200,-0.0838,USD,USD,USD
clickadu-pub-nsd,JE,0.0720,0.1200,1767,-0.0480,-40.00,0.0090,-0.0848,USD,USD,USD
nsd,YT,0.0600,0.1500,950,-0.0900,-60.00,0.0300,-0.0855,USD,USD,USD
sv,YT,0.0600,0.1500,950,-0.0900,-60.00,0.0100,-0.0855,USD,USD,USD
sv2,AG,0.0600,0.1000,2162,-0.0400,-40.00,0.1700,-0.0865,USD,USD,USD
nsd,KM,0.0600,0.0900,2884,-0.0300,-33.33,0.1500,-0.0865,USD,USD,USD
sv2,KM,0.0600,0.0900,2884,-0.0300,-33.33,0.1400,-0.0865,USD,USD,USD
evadav-rss,VC,0.0357,0.0900,1604,-0.0543,-60.33,0.0010,-0.0871,USD,USD,USD
sv,JE,0.0700,0.1200,1767,-0.0500,-41.67,0.0300,-0.0884,USD,USD,USD
evadav-sv,GG,0.0455,0.1500,864,-0.1045,-69.67,0.0010,-0.0903,USD,USD,USD
sv2,CW,0.0700,0.1000,3037,-0.0300,-30.00,0.2500,-0.0911,USD,USD,USD
evadav-sv,SB,0.0601,0.0900,3057,-0.0299,-33.22,0.0190,-0.0914,USD,USD,USD
sv,SB,0.0600,0.0900,3057,-0.0300,-33.33,0.0200,-0.0917,USD,USD,USD
evadav-rss,JE,0.0667,0.1200,1767,-0.0533,-44.42,0.0020,-0.0942,USD,USD,USD
sv2,YT,0.0500,0.1500,950,-0.1000,-66.67,0.0500,-0.0950,USD,USD,USD
nsd,IM,0.0400,0.1200,1198,-0.0800,-66.67,0.0100,-0.0958,USD,USD,USD
sv2,ME,0.1000,0.1100,9914,-0.0100,-9.09,0.6000,-0.0991,USD,USD,USD
sv2,SZ,0.0700,0.1000,3330,-0.0300,-30.00,0.2200,-0.0999,USD,USD,USD
evadav-rss,GW,0.0562,0.1000,2324,-0.0438,-43.80,0.0200,-0.1018,USD,USD,USD
evadav-rss,AG,0.0526,0.1000,2162,-0.0474,-47.40,0.0020,-0.1025,USD,USD,USD
sv2,GG,0.0300,0.1500,864,-0.1200,-80.00,0.0200,-0.1037,USD,USD,USD
clickadu-pub-nsd,AG,0.0520,0.1000,2162,-0.0480,-48.00,0.0051,-0.1038,USD,USD,USD
clickadu-pub-nsd,YT,0.0403,0.1500,950,-0.1097,-73.13,0.0079,-0.1042,USD,USD,USD
evadav-sv,AG,0.0517,0.1000,2162,-0.0483,-48.30,0.0030,-0.1044,USD,USD,USD
evadav-sv,YT,0.0400,0.1500,950,-0.1100,-73.33,0.0050,-0.1045,USD,USD,USD
clickadu-pub-nsd,IM,0.0327,0.1200,1198,-0.0873,-72.75,0.0016,-0.1046,USD,USD,USD
evadav-sv,VC,0.0244,0.0900,1604,-0.0656,-72.89,0.0010,-0.1052,USD,USD,USD
nsd,BM,0.0400,0.0900,2117,-0.0500,-55.56,0.0100,-0.1059,USD,USD,USD
evadav-sv,KY,0.0256,0.0900,1656,-0.0644,-71.56,0.0010,-0.1066,USD,USD,USD
sv2,IM,0.0300,0.1200,1198,-0.0900,-75.00,0.0400,-0.1078,USD,USD,USD
sv,BT,0.0700,0.0900,5435,-0.0200,-22.22,0.0500,-0.1087,USD,USD,USD
nsd,GD,0.0400,0.1000,1836,-0.0600,-60.00,0.0100,-0.1102,USD,USD,USD
sv2,GD,0.0400,0.1000,1836,-0.0600,-60.00,0.1800,-0.1102,USD,USD,USD
evadav-rss,YT,0.0333,0.1500,950,-0.1167,-77.80,0.0010,-0.1109,USD,USD,USD
nsd,AW,0.0400,0.1000,1947,-0.0600,-60.00,0.0200,-0.1168,USD,USD,USD
sv,SR,0.0600,0.0700,11888,-0.0100,-14.29,0.1300,-0.1189,USD,USD,USD
evadav-rss,GD,0.0345,0.1000,1836,-0.0655,-65.50,0.0010,-0.1203,USD,USD,USD
sv2,BZ,0.0700,0.0900,6098,-0.0200,-22.22,0.9000,-0.1220,USD,USD,USD
clickadu-pub-nsd,SC,0.0701,0.1000,4099,-0.0299,-29.90,0.7037,-0.1226,USD,USD,USD
evadav-sv,KM,0.0475,0.0900,2884,-0.0425,-47.22,0.0150,-0.1226,USD,USD,USD
evadav-sv,BT,0.0674,0.0900,5435,-0.0226,-25.11,0.0260,-0.1228,USD,USD,USD
nsd,JE,0.0500,0.1200,1767,-0.0700,-58.33,0.0400,-0.1237,USD,USD,USD
evadav-sv,GW,0.0465,0.1000,2324,-0.0535,-53.50,0.0390,-0.1243,USD,USD,USD
clickadu-pub-nsd,VU,0.0184,0.0900,1739,-0.0716,-79.56,0.0030,-0.1245,USD,USD,USD
sv2,GF,0.0700,0.1500,1578,-0.0800,-53.33,0.1000,-0.1262,USD,USD,USD
sv,GF,0.0700,0.1500,1578,-0.0800,-53.33,0.0200,-0.1262,USD,USD,USD
evadav-rss,AW,0.0345,0.1000,1947,-0.0655,-65.50,0.0010,-0.1275,USD,USD,USD
evadav-rss,SV,0.0682,0.0700,71952,-0.0018,-2.57,0.0500,-0.1295,USD,USD,USD
clickadu-pub-nsd,AW,0.0323,0.1000,1947,-0.0677,-67.70,0.0060,-0.1318,USD,USD,USD
sv2,BI,0.0700,0.1000,4402,-0.0300,-30.00,0.5000,-0.1321,USD,USD,USD
clickadu-pub-nsd,WS,0.0369,0.0700,4100,-0.0331,-47.29,0.0125,-0.1357,USD,USD,USD
sv2,AW,0.0300,0.1000,1947,-0.0700,-70.00,0.0500,-0.1363,USD,USD,USD
nsd,NA,0.1000,0.1200,6991,-0.0200,-16.67,0.1100,-0.1398,USD,USD,USD
clickadu-pub-nsd,BS,0.0710,0.0900,7429,-0.0190,-21.11,0.0279,-0.1412,USD,USD,USD
evadav-sv,JE,0.0400,0.1200,1767,-0.0800,-66.67,0.0060,-0.1414,USD,USD,USD
sv2,JE,0.0400,0.1200,1767,-0.0800,-66.67,0.0500,-0.1414,USD,USD,USD
evadav-sv,AW,0.0247,0.1000,1947,-0.0753,-75.30,0.0020,-0.1466,USD,USD,USD
sv2,BM,0.0200,0.0900,2117,-0.0700,-77.78,0.0200,-0.1482,USD,USD,USD
clickadu-pub-nsd,CW,0.0509,0.1000,3037,-0.0491,-49.10,0.0059,-0.1491,USD,USD,USD
nsd,GQ,0.0400,0.1000,2486,-0.0600,-60.00,0.0300,-0.1492,USD,USD,USD
sv2,GQ,0.0400,0.1000,2486,-0.0600,-60.00,0.0400,-0.1492,USD,USD,USD
sv2,FJ,0.0600,0.0800,7481,-0.0200,-25.00,0.4200,-0.1496,USD,USD,USD
nsd,AG,0.0300,0.1000,2162,-0.0700,-70.00,0.0100,-0.1513,USD,USD,USD
sv2,CV,0.0600,0.0900,5056,-0.0300,-33.33,0.2900,-0.1517,USD,USD,USD
nsd,CW,0.0500,0.1000,3037,-0.0500,-50.00,0.0400,-0.1518,USD,USD,USD
nsd,SB,0.0400,0.0900,3057,-0.0500,-55.56,0.0800,-0.1529,USD,USD,USD
evadav-sv,WS,0.0323,0.0700,4100,-0.0377,-53.86,0.0160,-0.1546,USD,USD,USD
nsd,PG,0.1200,0.1300,15600,-0.0100,-7.69,0.3700,-0.1560,USD,USD,USD
nsd,NC,0.0700,0.1200,3128,-0.0500,-41.67,0.0800,-0.1564,USD,USD,USD
clickadu-pub-nsd,GU,0.0451,0.1000,2854,-0.0549,-54.90,0.0214,-0.1567,USD,USD,USD
evadav-rss,SZ,0.0519,0.1000,3330,-0.0481,-48.10,0.0040,-0.1602,USD,USD,USD
evadav-rss,WS,0.0306,0.0700,4100,-0.0394,-56.29,0.0060,-0.1615,USD,USD,USD
evadav-rss,GQ,0.0347,0.1000,2486,-0.0653,-65.30,0.0050,-0.1623,USD,USD,USD
evadav-rss,GF,0.0455,0.1500,1578,-0.1045,-69.67,0.0010,-0.1649,USD,USD,USD
evadav-sv,MQ,0.1161,0.1300,12214,-0.0139,-10.69,0.0440,-0.1698,USD,USD,USD
nsd,GU,0.0400,0.1000,2854,-0.0600,-60.00,0.0400,-0.1712,USD,USD,USD
evadav-sv,GQ,0.0308,0.1000,2486,-0.0692,-69.20,0.0120,-0.1720,USD,USD,USD
sv,KM,0.0300,0.0900,2884,-0.0600,-66.67,0.0300,-0.1730,USD,USD,USD
nsd,SL,0.0700,0.1000,5792,-0.0300,-30.00,0.1800,-0.1738,USD,USD,USD
evadav-rss,CV,0.0556,0.0900,5056,-0.0344,-38.22,0.0040,-0.1739,USD,USD,USD
sv,GQ,0.0300,0.1000,2486,-0.0700,-70.00,0.0100,-0.1740,USD,USD,USD
evadav-rss,CW,0.0417,0.1000,3037,-0.0583,-58.30,0.0010,-0.1771,USD,USD,USD
sv2,LC,0.0400,0.0900,3674,-0.0500,-55.56,0.2400,-0.1837,USD,USD,USD
clickadu-pub-nsd,BT,0.0560,0.0900,5435,-0.0340,-37.78,0.0362,-0.1848,USD,USD,USD
evadav-rss,SC,0.0546,0.1000,4099,-0.0454,-45.40,0.0100,-0.1861,USD,USD,USD
evadav-sv,AD,0.0357,0.0900,3458,-0.0543,-60.33,0.0010,-0.1878,USD,USD,USD
sv2,CU,0.0500,0.0600,18823,-0.0100,-16.67,0.3300,-0.1882,USD,USD,USD
sv,CU,0.0500,0.0600,18823,-0.0100,-16.67,0.1200,-0.1882,USD,USD,USD
sv,GY,0.0700,0.0900,9482,-0.0200,-22.22,0.1000,-0.1896,USD,USD,USD
evadav-rss,LR,0.0621,0.0900,6987,-0.0279,-31.00,0.0490,-0.1949,USD,USD,USD
evadav-sv,SZ,0.0411,0.1000,3330,-0.0589,-58.90,0.0030,-0.1961,USD,USD,USD
clickadu-pub-nsd,LC,0.0361,0.0900,3674,-0.0539,-59.89,0.0048,-0.1980,USD,USD,USD
sv,ME,0.0900,0.1100,9914,-0.0200,-18.18,0.0700,-0.1983,USD,USD,USD
evadav-sv,GF,0.0242,0.1500,1578,-0.1258,-83.87,0.0030,-0.1985,USD,USD,USD
sv2,GU,0.0300,0.1000,2854,-0.0700,-70.00,0.1300,-0.1998,USD,USD,USD
nsd,CV,0.0500,0.0900,5056,-0.0400,-44.44,0.0900,-0.2022,USD,USD,USD
sv,CV,0.0500,0.0900,5056,-0.0400,-44.44,0.0300,-0.2022,USD,USD,USD
nsd,SC,0.0500,0.1000,4099,-0.0500,-50.00,0.0500,-0.2050,USD,USD,USD
nsd,AD,0.0300,0.0900,3458,-0.0600,-66.67,0.0100,-0.2075,USD,USD,USD
nsd,SS,0.0500,0.0900,5228,-0.0400,-44.44,0.1900,-0.2091,USD,USD,USD
sv2,SB,0.0200,0.0900,3057,-0.0700,-77.78,0.0600,-0.2140,USD,USD,USD
nsd,AS,0.0600,0.0900,7133,-0.0300,-33.33,0.0100,-0.2140,USD,USD,USD
clickadu-pub-nsd,AD,0.0278,0.0900,3458,-0.0622,-69.11,0.0015,-0.2151,USD,USD,USD
nsd,BT,0.0500,0.0900,5435,-0.0400,-44.44,0.1300,-0.2174,USD,USD,USD
clickadu-pub-nsd,KM,0.0142,0.0900,2884,-0.0758,-84.22,0.0094,-0.2186,USD,USD,USD
sv2,NC,0.0500,0.1200,3128,-0.0700,-58.33,0.1200,-0.2190,USD,USD,USD
nsd,LC,0.0300,0.0900,3674,-0.0600,-66.67,0.0200,-0.2204,USD,USD,USD
evadav-sv,BW,0.0833,0.1000,13248,-0.0167,-16.70,0.0120,-0.2212,USD,USD,USD
sv,BS,0.0600,0.0900,7429,-0.0300,-33.33,0.0500,-0.2229,USD,USD,USD
evadav-rss,GU,0.0208,0.1000,2854,-0.0792,-79.20,0.0010,-0.2260,USD,USD,USD
evadav-rss,NC,0.0476,0.1200,3128,-0.0724,-60.33,0.0030,-0.2265,USD,USD,USD
evadav-sv,CV,0.0451,0.0900,5056,-0.0449,-49.89,0.0060,-0.2270,USD,USD,USD
evadav-sv,GU,0.0183,0.1000,2854,-0.0817,-81.70,0.0020,-0.2332,USD,USD,USD
clickadu-pub-nsd,FJ,0.0484,0.0800,7481,-0.0316,-39.50,0.0326,-0.2364,USD,USD,USD
evadav-sv,NA,0.0861,0.1200,6991,-0.0339,-28.25,0.0130,-0.2370,USD,USD,USD
clickadu-pub-nsd,CY,0.2603,0.2700,24438,-0.0097,-3.59,0.5191,-0.2370,USD,USD,USD
nsd,SR,0.0500,0.0700,11888,-0.0200,-28.57,0.1900,-0.2378,USD,USD,USD
evadav-sv,LC,0.0244,0.0900,3674,-0.0656,-72.89,0.0020,-0.2410,USD,USD,USD
evadav-sv,SC,0.0412,0.1000,4099,-0.0588,-58.80,0.0040,-0.2410,USD,USD,USD
nsd,LS,0.1500,0.3000,1611,-0.1500,-50.00,0.0400,-0.2416,USD,USD,USD
sv2,AD,0.0200,0.0900,3458,-0.0700,-77.78,0.0300,-0.2421,USD,USD,USD
sv2,MQ,0.1100,0.1300,12214,-0.0200,-15.38,0.5700,-0.2443,USD,USD,USD
evadav-sv,AS,0.0556,0.0900,7133,-0.0344,-38.22,0.0020,-0.2454,USD,USD,USD
evadav-sv,CW,0.0182,0.1000,3037,-0.0818,-81.80,0.0030,-0.2484,USD,USD,USD
clickadu-pub-nsd,CU,0.0463,0.0600,18823,-0.0137,-22.83,0.0575,-0.2579,USD,USD,USD
sv,PF,0.0700,0.1300,4308,-0.0600,-46.15,0.0300,-0.2585,USD,USD,USD
sv,SS,0.0400,0.0900,5228,-0.0500,-55.56,0.0600,-0.2614,USD,USD,USD
clickadu-pub-nsd,RS,0.1278,0.1300,120391,-0.0022,-1.69,0.8226,-0.2649,USD,USD,USD
nsd,BB,0.0400,0.0800,6734,-0.0400,-50.00,0.0200,-0.2694,USD,USD,USD
sv2,BT,0.0400,0.0900,5435,-0.0500,-55.56,0.2900,-0.2718,USD,USD,USD
clickadu-pub-nsd,IS,0.2005,0.2400,6945,-0.0395,-16.46,0.0730,-0.2743,USD,USD,USD
evadav-sv,RW,0.0812,0.1000,14733,-0.0188,-18.80,0.0410,-0.2770,USD,USD,USD
nsd,LR,0.0500,0.0900,6987,-0.0400,-44.44,0.2800,-0.2795,USD,USD,USD
sv2,LR,0.0500,0.0900,6987,-0.0400,-44.44,0.1900,-0.2795,USD,USD,USD
clickadu-pub-nsd,SS,0.0365,0.0900,5228,-0.0535,-59.44,0.0327,-0.2797,USD,USD,USD
evadav-sv,NC,0.0303,0.1200,3128,-0.0897,-74.75,0.0040,-0.2806,USD,USD,USD
clickadu-pub-nsd,BZ,0.0436,0.0900,6098,-0.0464,-51.56,0.0243,-0.2829,USD,USD,USD
sv2,SC,0.0300,0.1000,4099,-0.0700,-70.00,0.0700,-0.2869,USD,USD,USD
evadav-rss,BZ,0.0423,0.0900,6098,-0.0477,-53.00,0.0080,-0.2909,USD,USD,USD
sv2,RW,0.0800,0.1000,14733,-0.0200,-20.00,1.5500,-0.2947,USD,USD,USD
nsd,BS,0.0500,0.0900,7429,-0.0400,-44.44,0.0900,-0.2972,USD,USD,USD
sv,MT,0.1000,0.1200,14941,-0.0200,-16.67,0.4800,-0.2988,USD,USD,USD
nsd,FJ,0.0400,0.0800,7481,-0.0400,-50.00,0.1300,-0.2992,USD,USD,USD
nsd,PF,0.0600,0.1300,4308,-0.0700,-53.85,0.0900,-0.3016,USD,USD,USD
evadav-rss,FJ,0.0396,0.0800,7481,-0.0404,-50.50,0.0090,-0.3022,USD,USD,USD
nsd,BZ,0.0400,0.0900,6098,-0.0500,-55.56,0.0800,-0.3049,USD,USD,USD
sv,BZ,0.0400,0.0900,6098,-0.0500,-55.56,0.0400,-0.3049,USD,USD,USD
evadav-sv,LR,0.0459,0.0900,6987,-0.0441,-49.00,0.0740,-0.3081,USD,USD,USD
evadav-rss,SS,0.0302,0.0900,5228,-0.0598,-66.44,0.0110,-0.3126,USD,USD,USD
sv2,SS,0.0300,0.0900,5228,-0.0600,-66.67,0.1300,-0.3137,USD,USD,USD
evadav-sv,SS,0.0297,0.0900,5228,-0.0603,-67.00,0.0170,-0.3152,USD,USD,USD
evadav-rss,GP,0.1429,0.2000,5704,-0.0571,-28.55,0.0060,-0.3257,USD,USD,USD
evadav-sv,LS,0.0930,0.3000,1611,-0.2070,-69.00,0.0040,-0.3335,USD,USD,USD
evadav-sv,FJ,0.0354,0.0800,7481,-0.0446,-55.75,0.0250,-0.3337,USD,USD,USD
evadav-rss,PF,0.0508,0.1300,4308,-0.0792,-60.92,0.0060,-0.3412,USD,USD,USD
evadav-rss,BB,0.0286,0.0800,6734,-0.0514,-64.25,0.0010,-0.3461,USD,USD,USD
clickadu-pub-nsd,BB,0.0283,0.0800,6734,-0.0517,-64.62,0.0032,-0.3481,USD,USD,USD
evadav-sv,BB,0.0278,0.0800,6734,-0.0522,-65.25,0.0010,-0.3515,USD,USD,USD
clickadu-pub-nsd,MG,0.0978,0.1300,11215,-0.0322,-24.77,0.1531,-0.3611,USD,USD,USD
nsd,MQ,0.1000,0.1300,12214,-0.0300,-23.08,0.1700,-0.3664,USD,USD,USD
evadav-sv,BZ,0.0297,0.0900,6098,-0.0603,-67.00,0.0110,-0.3677,USD,USD,USD
clickadu-pub-nsd,PG,0.1064,0.1300,15600,-0.0236,-18.15,0.0685,-0.3682,USD,USD,USD
evadav-rss,SR,0.0386,0.0700,11888,-0.0314,-44.86,0.0100,-0.3733,USD,USD,USD
clickadu-pub-nsd,GM,0.0662,0.1000,11084,-0.0338,-33.80,0.1260,-0.3746,USD,USD,USD
evadav-rss,BS,0.0394,0.0900,7429,-0.0506,-56.22,0.0050,-0.3759,USD,USD,USD
nsd,CU,0.0400,0.0600,18823,-0.0200,-33.33,0.2000,-0.3765,USD,USD,USD
sv2,GY,0.0500,0.0900,9482,-0.0400,-44.44,1.2400,-0.3793,USD,USD,USD
clickadu-pub-nsd,CV,0.0148,0.0900,5056,-0.0752,-83.56,0.0037,-0.3802,USD,USD,USD
sv,NI,0.0800,0.0900,38481,-0.0100,-11.11,0.2300,-0.3848,USD,USD,USD
sv2,PF,0.0400,0.1300,4308,-0.0900,-69.23,0.1400,-0.3877,USD,USD,USD
nsd,GP,0.1300,0.2000,5704,-0.0700,-35.00,0.2000,-0.3993,USD,USD,USD
sv,GP,0.1300,0.2000,5704,-0.0700,-35.00,0.0600,-0.3993,USD,USD,USD
evadav-rss,GM,0.0627,0.1000,11084,-0.0373,-37.30,0.1870,-0.4134,USD,USD,USD
evadav-sv,PF,0.0296,0.1300,4308,-0.1004,-77.23,0.0090,-0.4325,USD,USD,USD
evadav-rss,GY,0.0439,0.0900,9482,-0.0461,-51.22,0.0090,-0.4371,USD,USD,USD
sv2,TL,0.0400,0.0800,10999,-0.0400,-50.00,0.6500,-0.4400,USD,USD,USD
sv,TL,0.0400,0.0800,10999,-0.0400,-50.00,0.1700,-0.4400,USD,USD,USD
clickadu-pub-nsd,TN,0.0886,0.0900,315701,-0.0014,-1.56,3.9136,-0.4420,USD,USD,USD
sv,GM,0.0600,0.1000,11084,-0.0400,-40.00,0.2800,-0.4434,USD,USD,USD
clickadu-pub-nsd,PF,0.0270,0.1300,4308,-0.1030,-79.23,0.0061,-0.4437,USD,USD,USD
evadav-sv,HT,0.0791,0.1000,21273,-0.0209,-20.90,0.2930,-0.4446,USD,USD,USD
sv,MK,0.0700,0.0900,22298,-0.0200,-22.22,0.1000,-0.4460,USD,USD,USD
sv,MG,0.0900,0.1300,11215,-0.0400,-30.77,0.1700,-0.4486,USD,USD,USD
evadav-rss,TL,0.0382,0.0800,10999,-0.0418,-52.25,0.0750,-0.4598,USD,USD,USD
clickadu-pub-nsd,ME,0.0623,0.1100,9914,-0.0477,-43.36,0.0625,-0.4729,USD,USD,USD
nsd,GY,0.0400,0.0900,9482,-0.0500,-55.56,0.1300,-0.4741,USD,USD,USD
evadav-sv,BS,0.0249,0.0900,7429,-0.0651,-72.33,0.0060,-0.4836,USD,USD,USD
sv,ZW,0.2500,0.3000,9722,-0.0500,-16.67,0.2400,-0.4861,USD,USD,USD
evadav-sv,CU,0.0331,0.0600,18823,-0.0269,-44.83,0.0690,-0.5063,USD,USD,USD
clickadu-pub-nsd,TL,0.0327,0.0800,10999,-0.0473,-59.13,0.0767,-0.5203,USD,USD,USD
clickadu-pub-nsd,SR,0.0262,0.0700,11888,-0.0438,-62.57,0.0210,-0.5207,USD,USD,USD
clickadu-pub-nsd,LI,0.1444,0.6400,1066,-0.4956,-77.44,0.0026,-0.5283,USD,USD,USD
evadav-sv,TL,0.0315,0.0800,10999,-0.0485,-60.62,0.0800,-0.5335,USD,USD,USD
evadav-sv,SR,0.0251,0.0700,11888,-0.0449,-64.14,0.0240,-0.5338,USD,USD,USD
sv,TT,0.0600,0.0800,26691,-0.0200,-25.00,0.1500,-0.5338,USD,USD,USD
evadav-sv,GY,0.0324,0.0900,9482,-0.0576,-64.00,0.0180,-0.5462,USD,USD,USD
nsd,TL,0.0300,0.0800,10999,-0.0500,-62.50,0.7800,-0.5500,USD,USD,USD
nsd,GM,0.0500,0.1000,11084,-0.0500,-50.00,0.5300,-0.5542,USD,USD,USD
nsd,MG,0.0800,0.1300,11215,-0.0500,-38.46,0.5000,-0.5607,USD,USD,USD
evadav-rss,ME,0.0518,0.1100,9914,-0.0582,-52.91,0.0130,-0.5770,USD,USD,USD
sv,LI,0.0900,0.6400,1066,-0.5500,-85.94,0.0000,-0.5863,USD,USD,USD
sv2,SR,0.0200,0.0700,11888,-0.0500,-71.43,0.2700,-0.5944,USD,USD,USD
sv2,MT,0.0800,0.1200,14941,-0.0400,-33.33,1.1000,-0.5976,USD,USD,USD
sv,MQ,0.0800,0.1300,12214,-0.0500,-38.46,0.0400,-0.6107,USD,USD,USD
evadav-sv,MV,0.0630,0.1000,16786,-0.0370,-37.00,0.0220,-0.6211,USD,USD,USD
sv2,IS,0.1500,0.2400,6945,-0.0900,-37.50,0.7700,-0.6251,USD,USD,USD
nsd,LI,0.0500,0.6400,1066,-0.5900,-92.19,0.0000,-0.6289,USD,USD,USD
sv2,LI,0.0500,0.6400,1066,-0.5900,-92.19,0.0100,-0.6289,USD,USD,USD
evadav-sv,ME,0.0461,0.1100,9914,-0.0639,-58.09,0.0190,-0.6335,USD,USD,USD
evadav-sv,GM,0.0425,0.1000,11084,-0.0575,-57.50,0.2810,-0.6373,USD,USD,USD
evadav-sv,GP,0.0855,0.2000,5704,-0.1145,-57.25,0.0200,-0.6531,USD,USD,USD
sv,BN,0.0800,0.1200,16569,-0.0400,-33.33,0.0600,-0.6628,USD,USD,USD
sv2,GM,0.0400,0.1000,11084,-0.0600,-60.00,0.4400,-0.6650,USD,USD,USD
nsd,MK,0.0600,0.0900,22298,-0.0300,-33.33,0.3600,-0.6689,USD,USD,USD
sv2,SV,0.0600,0.0700,71952,-0.0100,-14.29,0.9900,-0.7195,USD,USD,USD
evadav-rss,MG,0.0657,0.1300,11215,-0.0643,-49.46,0.0610,-0.7211,USD,USD,USD
evadav-sv,MG,0.0646,0.1300,11215,-0.0654,-50.31,0.0450,-0.7335,USD,USD,USD
sv2,GP,0.0700,0.2000,5704,-0.1300,-65.00,0.3200,-0.7415,USD,USD,USD
nsd,MT,0.0700,0.1200,14941,-0.0500,-41.67,0.4500,-0.7471,USD,USD,USD
sv2,NI,0.0700,0.0900,38481,-0.0200,-22.22,1.1300,-0.7696,USD,USD,USD
sv2,PG,0.0800,0.1300,15600,-0.0500,-38.46,0.2300,-0.7800,USD,USD,USD
nsd,TT,0.0500,0.0800,26691,-0.0300,-37.50,0.2000,-0.8007,USD,USD,USD
sv,NE,0.1200,0.2000,10351,-0.0800,-40.00,0.1500,-0.8281,USD,USD,USD
nsd,TD,0.0700,0.1300,13880,-0.0600,-46.15,0.7900,-0.8328,USD,USD,USD
sv2,TD,0.0700,0.1300,13880,-0.0600,-46.15,0.6500,-0.8328,USD,USD,USD
nsd,IS,0.1200,0.2400,6945,-0.1200,-50.00,0.1300,-0.8334,USD,USD,USD
sv2,MV,0.0500,0.1000,16786,-0.0500,-50.00,0.5600,-0.8393,USD,USD,USD
nsd,MU,0.0800,0.1100,29253,-0.0300,-27.27,0.3800,-0.8776,USD,USD,USD
evadav-rss,IS,0.1130,0.2400,6945,-0.1270,-52.92,0.0130,-0.8820,USD,USD,USD
sv2,MK,0.0500,0.0900,22298,-0.0400,-44.44,0.6500,-0.8919,USD,USD,USD
sv2,MG,0.0500,0.1300,11215,-0.0800,-61.54,2.5400,-0.8972,USD,USD,USD
nsd,HN,0.1000,0.1100,89742,-0.0100,-9.09,0.7600,-0.8974,USD,USD,USD
evadav-sv,GA,0.0444,0.0500,162539,-0.0056,-11.20,0.0080,-0.9102,USD,USD,USD
clickadu-pub-nsd,MU,0.0780,0.1100,29253,-0.0320,-29.09,0.9088,-0.9361,USD,USD,USD
evadav-rss,TD,0.0604,0.1300,13880,-0.0696,-53.54,0.0730,-0.9660,USD,USD,USD
clickadu-pub-nsd,AF,0.0992,0.1200,46697,-0.0208,-17.33,0.2938,-0.9713,USD,USD,USD
sv,TD,0.0600,0.1300,13880,-0.0700,-53.85,0.1500,-0.9716,USD,USD,USD
nsd,GT,0.0800,0.0900,98724,-0.0100,-11.11,1.3100,-0.9872,USD,USD,USD
nsd,JM,0.0600,0.0800,49654,-0.0200,-25.00,0.3000,-0.9931,USD,USD,USD
evadav-rss,MT,0.0492,0.1200,14941,-0.0708,-59.00,0.0220,-1.0578,USD,USD,USD
evadav-sv,MT,0.0491,0.1200,14941,-0.0709,-59.08,0.0690,-1.0593,USD,USD,USD
evadav-rss,JM,0.0585,0.0800,49654,-0.0215,-26.88,0.0370,-1.0676,USD,USD,USD
evadav-rss,MK,0.0421,0.0900,22298,-0.0479,-53.22,0.0170,-1.0681,USD,USD,USD
nsd,BH,0.1300,0.1400,106929,-0.0100,-7.14,1.2900,-1.0693,USD,USD,USD
sv2,BH,0.1300,0.1400,106929,-0.0100,-7.14,8.9500,-1.0693,USD,USD,USD
evadav-sv,TD,0.0524,0.1300,13880,-0.0776,-59.69,0.1100,-1.0771,USD,USD,USD
clickadu-pub-nsd,GP,0.0107,0.2000,5704,-0.1893,-94.65,0.0075,-1.0798,USD,USD,USD
sv2,MD,0.0900,0.1100,54142,-0.0200,-18.18,0.7600,-1.0828,USD,USD,USD
evadav-rss,NI,0.0614,0.0900,38481,-0.0286,-31.78,0.0290,-1.1006,USD,USD,USD
sv2,AL,0.0700,0.0800,110648,-0.0100,-12.50,1.5200,-1.1065,USD,USD,USD
evadav-rss,ZW,0.1846,0.3000,9722,-0.1154,-38.47,0.0240,-1.1219,USD,USD,USD
evadav-sv,MK,0.0385,0.0900,22298,-0.0515,-57.22,0.0280,-1.1483,USD,USD,USD
nsd,NI,0.0600,0.0900,38481,-0.0300,-33.33,0.4400,-1.1544,USD,USD,USD
evadav-rss,TT,0.0365,0.0800,26691,-0.0435,-54.38,0.0080,-1.1611,USD,USD,USD
evadav-sv,IS,0.0706,0.2400,6945,-0.1694,-70.58,0.0290,-1.1765,USD,USD,USD
sv,IS,0.0700,0.2400,6945,-0.1700,-70.83,0.0300,-1.1807,USD,USD,USD
evadav-rss,OM,0.0648,0.0700,227465,-0.0052,-7.43,0.1210,-1.1828,USD,USD,USD
clickadu-pub-nsd,HN,0.0964,0.1100,89742,-0.0136,-12.36,1.7945,-1.2205,USD,USD,USD
evadav-rss,BN,0.0463,0.1200,16569,-0.0737,-61.42,0.0670,-1.2211,USD,USD,USD
clickadu-pub-nsd,MQ,0.0299,0.1300,12214,-0.1001,-77.00,0.0588,-1.2226,USD,USD,USD
clickadu-pub-nsd,MT,0.0381,0.1200,14941,-0.0819,-68.25,0.1020,-1.2237,USD,USD,USD
evadav-sv,PG,0.0487,0.1300,15600,-0.0813,-62.54,0.0170,-1.2683,USD,USD,USD
clickadu-pub-nsd,BH,0.1279,0.1400,106929,-0.0121,-8.64,0.6170,-1.2938,USD,USD,USD
clickadu-pub-nsd,LU,0.2501,0.2800,43375,-0.0299,-10.68,0.2081,-1.2969,USD,USD,USD
sv,LU,0.2500,0.2800,43375,-0.0300,-10.71,0.2100,-1.3012,USD,USD,USD
clickadu-pub-nsd,NI,0.0558,0.0900,38481,-0.0342,-38.00,0.0870,-1.3161,USD,USD,USD
nsd,MZ,0.7800,0.8000,66093,-0.0200,-2.50,1.2500,-1.3219,USD,USD,USD
clickadu-pub-nsd,TD,0.0346,0.1300,13880,-0.0954,-73.38,0.0837,-1.3242,USD,USD,USD
nsd,NE,0.0700,0.2000,10351,-0.1300,-65.00,0.3400,-1.3456,USD,USD,USD
sv2,NE,0.0700,0.2000,10351,-0.1300,-65.00,0.6800,-1.3456,USD,USD,USD
sv2,PR,0.0800,0.1500,19956,-0.0700,-46.67,1.8000,-1.3969,USD,USD,USD
clickadu-pub-nsd,SD,0.0772,0.0900,109259,-0.0128,-14.22,1.1744,-1.3985,USD,USD,USD
evadav-rss,BJ,0.1910,0.2700,17799,-0.0790,-29.26,0.0340,-1.4061,USD,USD,USD
clickadu-pub-nsd,NE,0.0636,0.2000,10351,-0.1364,-68.20,0.0241,-1.4119,USD,USD,USD
evadav-rss,NE,0.0606,0.2000,10351,-0.1394,-69.70,0.0200,-1.4429,USD,USD,USD
sv,MU,0.0600,0.1100,29253,-0.0500,-45.45,0.0800,-1.4627,USD,USD,USD
nsd,CY,0.2100,0.2700,24438,-0.0600,-22.22,1.8200,-1.4663,USD,USD,USD
evadav-sv,BN,0.0309,0.1200,16569,-0.0891,-74.25,0.0030,-1.4763,USD,USD,USD
sv,JM,0.0500,0.0800,49654,-0.0300,-37.50,0.1400,-1.4896,USD,USD,USD
evadav-sv,TT,0.0235,0.0800,26691,-0.0565,-70.62,0.0150,-1.5080,USD,USD,USD
sv2,MO,0.3900,0.4100,76664,-0.0200,-4.88,1.7700,-1.5333,USD,USD,USD
clickadu-pub-nsd,PS,0.0617,0.0700,186055,-0.0083,-11.86,0.3330,-1.5443,USD,USD,USD
clickadu-pub-nsd,TT,0.0221,0.0800,26691,-0.0579,-72.38,0.0178,-1.5454,USD,USD,USD
evadav-sv,NE,0.0478,0.2000,10351,-0.1522,-76.10,0.0290,-1.5754,USD,USD,USD
sv2,SN,0.0800,0.0900,159089,-0.0100,-11.11,6.2300,-1.5909,USD,USD,USD
evadav-rss,LV,0.2527,0.2800,58421,-0.0273,-9.75,0.0230,-1.5949,USD,USD,USD
nsd,PR,0.0700,0.1500,19956,-0.0800,-53.33,0.5400,-1.5965,USD,USD,USD
sv,PR,0.0700,0.1500,19956,-0.0800,-53.33,0.2000,-1.5965,USD,USD,USD
sv2,TT,0.0200,0.0800,26691,-0.0600,-75.00,1.1000,-1.6015,USD,USD,USD
evadav-rss,PR,0.0654,0.1500,19956,-0.0846,-56.40,0.0470,-1.6883,USD,USD,USD
sv,CY,0.2000,0.2700,24438,-0.0700,-25.93,0.5900,-1.7107,USD,USD,USD
sv2,MU,0.0500,0.1100,29253,-0.0600,-54.55,0.9500,-1.7552,USD,USD,USD
nsd,TG,0.0600,0.0900,59907,-0.0300,-33.33,0.3400,-1.7972,USD,USD,USD
sv2,TG,0.0600,0.0900,59907,-0.0300,-33.33,1.1000,-1.7972,USD,USD,USD
sv2,RE,0.1200,0.2000,22630,-0.0800,-40.00,0.6700,-1.8104,USD,USD,USD
evadav-rss,CG,0.1536,0.2000,39201,-0.0464,-23.20,0.1020,-1.8189,USD,USD,USD
clickadu-pub-nsd,MR,0.7354,0.7900,34116,-0.0546,-6.91,2.0452,-1.8627,USD,USD,USD
nsd,AF,0.0800,0.1200,46697,-0.0400,-33.33,0.8500,-1.8679,USD,USD,USD
sv2,AF,0.0800,0.1200,46697,-0.0400,-33.33,1.3300,-1.8679,USD,USD,USD
nsd,AM,0.0900,0.1200,63059,-0.0300,-25.00,0.3200,-1.8918,USD,USD,USD
evadav-rss,RE,0.1154,0.2000,22630,-0.0846,-42.30,0.0060,-1.9145,USD,USD,USD
nsd,CG,0.1500,0.2000,39201,-0.0500,-25.00,0.6200,-1.9601,USD,USD,USD
sv,GT,0.0700,0.0900,98724,-0.0200,-22.22,0.5700,-1.9745,USD,USD,USD
evadav-sv,ZW,0.0923,0.3000,9722,-0.2077,-69.23,0.0420,-2.0193,USD,USD,USD
sv,RE,0.1100,0.2000,22630,-0.0900,-45.00,0.0500,-2.0367,USD,USD,USD
evadav-rss,MU,0.0400,0.1100,29253,-0.0700,-63.64,0.0050,-2.0477,USD,USD,USD
sv,MD,0.0700,0.1100,54142,-0.0400,-36.36,0.0700,-2.1657,USD,USD,USD
nsd,SD,0.0700,0.0900,109259,-0.0200,-22.22,4.7700,-2.1852,USD,USD,USD
sv2,SD,0.0700,0.0900,109259,-0.0200,-22.22,6.8900,-2.1852,USD,USD,USD
evadav-sv,NI,0.0331,0.0900,38481,-0.0569,-63.22,0.0720,-2.1896,USD,USD,USD
evadav-rss,YE,0.0362,0.0800,51313,-0.0438,-54.75,0.0460,-2.2475,USD,USD,USD
sv,GN,0.1300,0.2000,32170,-0.0700,-35.00,0.7400,-2.2519,USD,USD,USD
evadav-sv,MU,0.0327,0.1100,29253,-0.0773,-70.27,0.0150,-2.2613,USD,USD,USD
clickadu-pub-nsd,GT,0.0670,0.0900,98724,-0.0230,-25.56,0.4868,-2.2707,USD,USD,USD
evadav-rss,TG,0.0516,0.0900,59907,-0.0384,-42.67,0.0940,-2.3004,USD,USD,USD
evadav-sv,PR,0.0335,0.1500,19956,-0.1165,-77.67,0.0540,-2.3249,USD,USD,USD
clickadu-pub-nsd,UY,0.1706,0.1800,247497,-0.0094,-5.22,0.2253,-2.3265,USD,USD,USD
sv,AF,0.0700,0.1200,46697,-0.0500,-41.67,0.1300,-2.3348,USD,USD,USD
clickadu-pub-nsd,PR,0.0310,0.1500,19956,-0.1190,-79.33,0.1302,-2.3748,USD,USD,USD
evadav-rss,LU,0.2229,0.2800,43375,-0.0571,-20.39,0.0700,-2.4767,USD,USD,USD
sv2,JM,0.0300,0.0800,49654,-0.0500,-62.50,1.6300,-2.4827,USD,USD,USD
sv,AM,0.0800,0.1200,63059,-0.0400,-33.33,0.0800,-2.5224,USD,USD,USD
clickadu-pub-nsd,JM,0.0292,0.0800,49654,-0.0508,-63.50,0.0390,-2.5224,USD,USD,USD
evadav-rss,MD,0.0631,0.1100,54142,-0.0469,-42.64,0.0070,-2.5393,USD,USD,USD
evadav-sv,BJ,0.1261,0.2700,17799,-0.1439,-53.30,0.0560,-2.5613,USD,USD,USD
sv2,YE,0.0300,0.0800,51313,-0.0500,-62.50,2.0600,-2.5657,USD,USD,USD
evadav-rss,AO,0.0706,0.0800,279922,-0.0094,-11.75,0.0380,-2.6313,USD,USD,USD
evadav-sv,JM,0.0261,0.0800,49654,-0.0539,-67.38,0.0520,-2.6764,USD,USD,USD
sv2,CY,0.1600,0.2700,24438,-0.1100,-40.74,3.8500,-2.6882,USD,USD,USD
sv2,HN,0.0800,0.1100,89742,-0.0300,-27.27,1.3800,-2.6923,USD,USD,USD
evadav-sv,TG,0.0449,0.0900,59907,-0.0451,-50.11,0.0400,-2.7018,USD,USD,USD
evadav-rss,BA,0.0899,0.1500,49234,-0.0601,-40.07,0.0250,-2.9590,USD,USD,USD
sv2,GT,0.0600,0.0900,98724,-0.0300,-33.33,3.2800,-2.9617,USD,USD,USD
evadav-rss,PA,0.1597,0.1700,300339,-0.0103,-6.06,0.1030,-3.0935,USD,USD,USD
nsd,HR,0.1500,0.2000,62017,-0.0500,-25.00,1.5300,-3.1009,USD,USD,USD
sv2,CG,0.1200,0.2000,39201,-0.0800,-40.00,1.6900,-3.1361,USD,USD,USD
sv2,AM,0.0700,0.1200,63059,-0.0500,-41.67,0.2700,-3.1530,USD,USD,USD
nsd,SN,0.0700,0.0900,159089,-0.0200,-22.22,3.1900,-3.1818,USD,USD,USD
sv,SN,0.0700,0.0900,159089,-0.0200,-22.22,0.8600,-3.1818,USD,USD,USD
evadav-sv,SV,0.0252,0.0700,71952,-0.0448,-64.00,0.0470,-3.2234,USD,USD,USD
evadav-sv,YE,0.0165,0.0800,51313,-0.0635,-79.38,0.0210,-3.2584,USD,USD,USD
evadav-rss,AM,0.0682,0.1200,63059,-0.0518,-43.17,0.0260,-3.2665,USD,USD,USD
sv,SD,0.0600,0.0900,109259,-0.0300,-33.33,0.8800,-3.2778,USD,USD,USD
evadav-rss,AF,0.0482,0.1200,46697,-0.0718,-59.83,0.0080,-3.3528,USD,USD,USD
evadav-sv,RE,0.0507,0.2000,22630,-0.1493,-74.65,0.0140,-3.3787,USD,USD,USD
sv,MW,0.3500,0.5500,17219,-0.2000,-36.36,0.3800,-3.4438,USD,USD,USD
nsd,PT,0.2400,0.2600,175426,-0.0200,-7.69,2.1500,-3.5085,USD,USD,USD
clickadu-pub-nsd,RE,0.0442,0.2000,22630,-0.1558,-77.90,0.0443,-3.5258,USD,USD,USD
evadav-rss,GN,0.0901,0.2000,32170,-0.1099,-54.95,0.1670,-3.5355,USD,USD,USD
evadav-sv,MD,0.0446,0.1100,54142,-0.0654,-59.45,0.0300,-3.5409,USD,USD,USD
evadav-rss,GT,0.0540,0.0900,98724,-0.0360,-40.00,0.1370,-3.5541,USD,USD,USD
evadav-rss,AL,0.0474,0.0800,110648,-0.0326,-40.75,0.0180,-3.6071,USD,USD,USD
evadav-sv,CG,0.1031,0.2000,39201,-0.0969,-48.45,0.1640,-3.7986,USD,USD,USD
sv,BY,0.0700,0.0800,382989,-0.0100,-12.50,0.0500,-3.8299,USD,USD,USD
sv2,SO,0.6800,0.7900,37029,-0.1100,-13.92,8.9500,-4.0732,USD,USD,USD
clickadu-pub-nsd,LY,0.0658,0.0800,287591,-0.0142,-17.75,3.6034,-4.0838,USD,USD,USD
evadav-sv,AM,0.0552,0.1200,63059,-0.0648,-54.00,0.0700,-4.0862,USD,USD,USD
evadav-sv,AF,0.0311,0.1200,46697,-0.0889,-74.08,0.0580,-4.1514,USD,USD,USD
evadav-sv,AL,0.0419,0.0800,110648,-0.0381,-47.62,0.0320,-4.2157,USD,USD,USD
sv2,HR,0.1300,0.2000,62017,-0.0700,-35.00,5.7100,-4.3412,USD,USD,USD
evadav-rss,ML,0.0372,0.0800,101641,-0.0428,-53.50,1.6480,-4.3502,USD,USD,USD
evadav-sv,SN,0.0623,0.0900,159089,-0.0277,-30.78,0.1940,-4.4068,USD,USD,USD
sv2,JO,0.1600,0.1700,445317,-0.0100,-5.88,19.0500,-4.4532,USD,USD,USD
clickadu-pub-nsd,PY,0.0580,0.0700,371715,-0.0120,-17.14,0.0415,-4.4606,USD,USD,USD
clickadu-pub-nsd,ZM,0.3168,0.4400,36452,-0.1232,-28.00,1.5502,-4.4909,USD,USD,USD
evadav-sv,GN,0.0571,0.2000,32170,-0.1429,-71.45,0.1750,-4.5971,USD,USD,USD
evadav-sv,BY,0.0679,0.0800,382989,-0.0121,-15.12,0.0710,-4.6342,USD,USD,USD
evadav-rss,RS,0.0873,0.1300,120391,-0.0427,-32.85,0.1590,-5.1407,USD,USD,USD
nsd,LU,0.1600,0.2800,43375,-0.1200,-42.86,0.5600,-5.2050,USD,USD,USD
nsd,SK,0.2500,0.3200,74797,-0.0700,-21.88,1.0900,-5.2358,USD,USD,USD
evadav-sv,BA,0.0421,0.1500,49234,-0.1079,-71.93,0.0440,-5.3123,USD,USD,USD
evadav-rss,CY,0.0506,0.2700,24438,-0.2194,-81.26,0.0550,-5.3617,USD,USD,USD
evadav-sv,ML,0.0263,0.0800,101641,-0.0537,-67.12,3.3750,-5.4581,USD,USD,USD
evadav-sv,KW,0.0606,0.0900,187224,-0.0294,-32.67,0.9200,-5.5044,USD,USD,USD
evadav-sv,CY,0.0433,0.2700,24438,-0.2267,-83.96,0.1500,-5.5401,USD,USD,USD
sv2,PS,0.0400,0.0700,186055,-0.0300,-42.86,3.3300,-5.5816,USD,USD,USD
sv2,LU,0.1500,0.2800,43375,-0.1300,-46.43,1.3500,-5.6387,USD,USD,USD
clickadu-pub-nsd,MW,0.2222,0.5500,17219,-0.3278,-59.60,0.2846,-5.6444,USD,USD,USD
sv2,UG,0.1800,0.2300,113698,-0.0500,-21.74,21.2600,-5.6849,USD,USD,USD
evadav-sv,GT,0.0313,0.0900,98724,-0.0587,-65.22,0.2300,-5.7951,USD,USD,USD
evadav-rss,HN,0.0454,0.1100,89742,-0.0646,-58.73,0.0280,-5.7973,USD,USD,USD
clickadu-pub-nsd,TJ,0.2955,0.3600,90036,-0.0645,-17.92,2.5679,-5.8073,USD,USD,USD
nsd,MW,0.2100,0.5500,17219,-0.3400,-61.82,0.2800,-5.8545,USD,USD,USD
evadav-rss,ET,0.0913,0.1200,206508,-0.0287,-23.92,0.1360,-5.9268,USD,USD,USD
clickadu-pub-nsd,IQ,0.1212,0.1300,686737,-0.0088,-6.77,16.7801,-6.0433,USD,USD,USD
nsd,DO,0.0800,0.1300,120887,-0.0500,-38.46,1.2900,-6.0443,USD,USD,USD
sv,DO,0.0800,0.1300,120887,-0.0500,-38.46,0.7800,-6.0443,USD,USD,USD
evadav-sv,OM,0.0432,0.0700,227465,-0.0268,-38.29,0.0720,-6.0961,USD,USD,USD
clickadu-pub-nsd,DO,0.0779,0.1300,120887,-0.0521,-40.08,0.2662,-6.2982,USD,USD,USD
clickadu-pub-nsd,HR,0.0964,0.2000,62017,-0.1036,-51.80,0.7139,-6.4250,USD,USD,USD
evadav-sv,SD,0.0295,0.0900,109259,-0.0605,-67.22,0.4230,-6.6102,USD,USD,USD
evadav-rss,SD,0.0282,0.0900,109259,-0.0618,-68.67,0.1610,-6.7522,USD,USD,USD
evadav-sv,HN,0.0335,0.1100,89742,-0.0765,-69.55,0.0750,-6.8653,USD,USD,USD
nsd,CH,0.3700,0.3900,346980,-0.0200,-5.13,2.9800,-6.9396,USD,USD,USD
nsd,IL,0.1800,0.2000,346991,-0.0200,-10.00,3.0000,-6.9398,USD,USD,USD
evadav-rss,PS,0.0324,0.0700,186055,-0.0376,-53.71,0.0620,-6.9957,USD,USD,USD
sv2,MW,0.1400,0.5500,17219,-0.4100,-74.55,1.5800,-7.0598,USD,USD,USD
evadav-rss,DO,0.0710,0.1300,120887,-0.0590,-45.38,0.1140,-7.1323,USD,USD,USD
evadav-sv,LV,0.1576,0.2800,58421,-0.1224,-43.71,0.0640,-7.1507,USD,USD,USD
sv2,KG,0.2700,0.3000,244419,-0.0300,-10.00,8.0500,-7.3326,USD,USD,USD
nsd,SO,0.5800,0.7900,37029,-0.2100,-26.58,4.7500,-7.7761,USD,USD,USD
sv,MM,0.8900,0.9800,88058,-0.0900,-9.18,2.6500,-7.9252,USD,USD,USD
sv,NZ,0.3400,0.4000,132221,-0.0600,-15.00,0.3600,-7.9333,USD,USD,USD
evadav-rss,MW,0.0800,0.5500,17219,-0.4700,-85.45,0.0140,-8.0929,USD,USD,USD
evadav-sv,AE,0.0965,0.1100,600538,-0.0135,-12.27,0.1390,-8.1073,USD,USD,USD
clickadu-pub-nsd,QA,0.0179,0.1000,101864,-0.0821,-82.10,0.1271,-8.3630,USD,USD,USD
sv2,DO,0.0600,0.1300,120887,-0.0700,-53.85,2.2300,-8.4621,USD,USD,USD
sv2,CZ,0.2800,0.3200,212307,-0.0400,-12.50,11.0200,-8.4923,USD,USD,USD
sv2,AZ,0.1300,0.1400,854063,-0.0100,-7.14,10.1400,-8.5406,USD,USD,USD
evadav-rss,HR,0.0613,0.2000,62017,-0.1387,-69.35,0.0360,-8.6018,USD,USD,USD
evadav-rss,BH,0.0587,0.1400,106929,-0.0813,-58.07,0.0270,-8.6933,USD,USD,USD
evadav-rss,LB,0.0469,0.1200,119928,-0.0731,-60.92,0.1020,-8.7667,USD,USD,USD
sv2,PT,0.2100,0.2600,175426,-0.0500,-19.23,24.6900,-8.7713,USD,USD,USD
evadav-rss,LA,0.0407,0.0900,178870,-0.0493,-54.78,0.5130,-8.8183,USD,USD,USD
sv2,PL,0.3300,0.3400,897513,-0.0100,-2.94,24.0900,-8.9751,USD,USD,USD
evadav-sv,MW,0.0287,0.5500,17219,-0.5213,-94.78,0.0160,-8.9763,USD,USD,USD
evadav-sv,AO,0.0479,0.0800,279922,-0.0321,-40.13,0.0730,-8.9855,USD,USD,USD
evadav-sv,HR,0.0551,0.2000,62017,-0.1449,-72.45,0.1000,-8.9863,USD,USD,USD
sv,TJ,0.2600,0.3600,90036,-0.1000,-27.78,0.9200,-9.0036,USD,USD,USD
sv,CM,0.2800,0.4000,77005,-0.1200,-30.00,0.8400,-9.2406,USD,USD,USD
sv,MZ,0.6600,0.8000,66093,-0.1400,-17.50,0.4200,-9.2530,USD,USD,USD
evadav-sv,LU,0.0662,0.2800,43375,-0.2138,-76.36,0.0350,-9.2736,USD,USD,USD
clickadu-pub-nsd,IR,0.2166,0.2800,147720,-0.0634,-22.64,0.4908,-9.3654,USD,USD,USD
evadav-sv,ZM,0.1812,0.4400,36452,-0.2588,-58.82,0.3880,-9.4338,USD,USD,USD
evadav-sv,RS,0.0514,0.1300,120391,-0.0786,-60.46,0.1370,-9.4627,USD,USD,USD
evadav-rss,KE,0.0690,0.0900,451224,-0.0210,-23.33,0.1760,-9.4757,USD,USD,USD
evadav-rss,CR,0.1634,0.2100,205645,-0.0466,-22.19,0.2730,-9.5831,USD,USD,USD
clickadu-pub-nsd,SI,0.3241,0.4800,62127,-0.1559,-32.48,0.6426,-9.6856,USD,USD,USD
evadav-rss,TN,0.0591,0.0900,315701,-0.0309,-34.33,0.6420,-9.7552,USD,USD,USD
clickadu-pub-nsd,PH,0.2288,0.2300,8394339,-0.0012,-0.52,143.7324,-10.0732,USD,USD,USD
evadav-sv,BH,0.0452,0.1400,106929,-0.0948,-67.71,0.0920,-10.1369,USD,USD,USD
clickadu-pub-nsd,UG,0.1403,0.2300,113698,-0.0897,-39.00,1.4718,-10.1987,USD,USD,USD
evadav-rss,SO,0.5053,0.7900,37029,-0.2847,-36.04,2.1470,-10.5422,USD,USD,USD
evadav-rss,CM,0.2628,0.4000,77005,-0.1372,-34.30,0.2460,-10.5651,USD,USD,USD
evadav-sv,PS,0.0131,0.0700,186055,-0.0569,-81.29,0.0310,-10.5865,USD,USD,USD
evadav-sv,LA,0.0306,0.0900,178870,-0.0594,-66.00,0.5200,-10.6249,USD,USD,USD
evadav-rss,CD,0.1516,0.2900,76856,-0.1384,-47.72,0.7340,-10.6369,USD,USD,USD
clickadu-pub-nsd,IN,0.0794,0.0800,17736276,-0.0006,-0.75,1201.0157,-10.6418,USD,USD,USD
evadav-sv,LB,0.0303,0.1200,119928,-0.0897,-74.75,0.1230,-10.7575,USD,USD,USD
evadav-sv,PY,0.0403,0.0700,371715,-0.0297,-42.43,0.0160,-11.0399,USD,USD,USD
clickadu-pub-nsd,NZ,0.3110,0.4000,132221,-0.0890,-22.25,1.0206,-11.7677,USD,USD,USD
evadav-sv,DO,0.0320,0.1300,120887,-0.0980,-75.38,0.1200,-11.8469,USD,USD,USD
sv2,SK,0.1600,0.3200,74797,-0.1600,-50.00,2.9400,-11.9675,USD,USD,USD
sv2,FI,0.4100,0.4800,171387,-0.0700,-14.58,14.0200,-11.9971,USD,USD,USD
sv,AE,0.0900,0.1100,600538,-0.0200,-18.18,0.7900,-12.0108,USD,USD,USD
sv,SI,0.2800,0.4800,62127,-0.2000,-41.67,0.3600,-12.4254,USD,USD,USD
sv,UG,0.1200,0.2300,113698,-0.1100,-47.83,2.7600,-12.5068,USD,USD,USD
nsd,SI,0.2700,0.4800,62127,-0.2100,-43.75,0.8200,-13.0467,USD,USD,USD
evadav-rss,SK,0.1386,0.3200,74797,-0.1814,-56.69,0.0560,-13.5682,USD,USD,USD
sv2,SA,0.0800,0.1100,452804,-0.0300,-27.27,22.8000,-13.5841,USD,USD,USD
nsd,RO,0.2500,0.3000,274383,-0.0500,-16.67,37.4000,-13.7191,USD,USD,USD
sv2,IE,0.2200,0.3000,174144,-0.0800,-26.67,11.6500,-13.9315,USD,USD,USD
sv,IE,0.2200,0.3000,174144,-0.0800,-26.67,0.7100,-13.9315,USD,USD,USD
evadav-sv,BF,0.0504,0.1400,155807,-0.0896,-64.00,0.5400,-13.9603,USD,USD,USD
sv2,MR,0.3800,0.7900,34116,-0.4100,-51.90,3.1800,-13.9876,USD,USD,USD
sv,SY,0.1000,0.1400,354642,-0.0400,-28.57,3.7300,-14.1857,USD,USD,USD
nsd,CR,0.1400,0.2100,205645,-0.0700,-33.33,0.7300,-14.3952,USD,USD,USD
sv,LT,0.2400,0.3800,103510,-0.1400,-36.84,0.1900,-14.4914,USD,USD,USD
nsd,UG,0.1000,0.2300,113698,-0.1300,-56.52,5.4000,-14.7807,USD,USD,USD
sv,UY,0.1200,0.1800,247497,-0.0600,-33.33,0.1900,-14.8498,USD,USD,USD
clickadu-pub-nsd,SO,0.3872,0.7900,37029,-0.4028,-50.99,1.3060,-14.9153,USD,USD,USD
evadav-sv,TN,0.0422,0.0900,315701,-0.0478,-53.11,0.1150,-15.0905,USD,USD,USD
evadav-rss,LY,0.0273,0.0800,287591,-0.0527,-65.88,0.3460,-15.1560,USD,USD,USD
clickadu-pub-nsd,NO,0.7068,0.8000,163405,-0.0932,-11.65,2.0582,-15.2293,USD,USD,USD
nsd,MR,0.3400,0.7900,34116,-0.4500,-56.96,1.4900,-15.3522,USD,USD,USD
sv2,SI,0.2300,0.4800,62127,-0.2500,-52.08,1.3700,-15.5318,USD,USD,USD
nsd,IE,0.2100,0.3000,174144,-0.0900,-30.00,1.9000,-15.6730,USD,USD,USD
evadav-sv,ET,0.0429,0.1200,206508,-0.0771,-64.25,0.1550,-15.9218,USD,USD,USD
evadav-rss,GE,0.0865,0.1300,368982,-0.0435,-33.46,0.0320,-16.0507,USD,USD,USD
clickadu-pub-nsd,KH,0.1610,0.2500,181047,-0.0890,-35.60,3.3432,-16.1132,USD,USD,USD
sv2,CM,0.1900,0.4000,77005,-0.2100,-52.50,0.9900,-16.1711,USD,USD,USD
clickadu-pub-nsd,UZ,0.1589,0.1800,773350,-0.0211,-11.72,2.5752,-16.3177,USD,USD,USD
sv2,GH,0.3100,0.4100,169030,-0.1000,-24.39,34.9400,-16.9030,USD,USD,USD
sv,GH,0.3100,0.4100,169030,-0.1000,-24.39,15.4400,-16.9030,USD,USD,USD
sv,CZ,0.2400,0.3200,212307,-0.0800,-25.00,0.6600,-16.9846,USD,USD,USD
nsd,KG,0.2300,0.3000,244419,-0.0700,-23.33,7.0900,-17.1093,USD,USD,USD
evadav-sv,CD,0.0643,0.2900,76856,-0.2257,-77.83,0.3130,-17.3464,USD,USD,USD
sv,IL,0.1500,0.2000,346991,-0.0500,-25.00,0.7300,-17.3496,USD,USD,USD
evadav-rss,MZ,0.5343,0.8000,66093,-0.2657,-33.21,0.2260,-17.5609,USD,USD,USD
nsd,LT,0.2100,0.3800,103510,-0.1700,-44.74,0.3300,-17.5967,USD,USD,USD
evadav-rss,MR,0.2638,0.7900,34116,-0.5262,-66.61,0.2810,-17.9518,USD,USD,USD
evadav-sv,LY,0.0166,0.0800,287591,-0.0634,-79.25,0.4940,-18.2333,USD,USD,USD
clickadu-pub-nsd,CR,0.1205,0.2100,205645,-0.0895,-42.62,0.2749,-18.4052,USD,USD,USD
evadav-sv,SO,0.2905,0.7900,37029,-0.4995,-63.23,2.4930,-18.4960,USD,USD,USD
clickadu-pub-nsd,AE,0.0787,0.1100,600538,-0.0313,-28.45,0.7753,-18.7968,USD,USD,USD
evadav-sv,MY,0.2275,0.2400,1527978,-0.0125,-5.21,3.3720,-19.0997,USD,USD,USD
nsd,MO,0.1600,0.4100,76664,-0.2500,-60.98,0.1500,-19.1660,USD,USD,USD
nsd,CM,0.1500,0.4000,77005,-0.2500,-62.50,0.8300,-19.2512,USD,USD,USD
evadav-sv,CM,0.1479,0.4000,77005,-0.2521,-63.02,0.4920,-19.4130,USD,USD,USD
evadav-sv,SK,0.0592,0.3200,74797,-0.2608,-81.50,0.0310,-19.5071,USD,USD,USD
nsd,UY,0.1000,0.1800,247497,-0.0800,-44.44,0.2400,-19.7998,USD,USD,USD
nsd,NZ,0.2500,0.4000,132221,-0.1500,-37.50,0.8000,-19.8331,USD,USD,USD
evadav-rss,UG,0.0545,0.2300,113698,-0.1755,-76.30,0.2580,-19.9540,USD,USD,USD
nsd,DZ,0.1100,0.1300,999432,-0.0200,-15.38,74.8100,-19.9886,USD,USD,USD
evadav-sv,KE,0.0457,0.0900,451224,-0.0443,-49.22,0.0830,-19.9892,USD,USD,USD
evadav-rss,MO,0.1429,0.4100,76664,-0.2671,-65.15,0.0060,-20.4770,USD,USD,USD
sv2,CR,0.1100,0.2100,205645,-0.1000,-47.62,2.0100,-20.5645,USD,USD,USD
nsd,AT,0.2300,0.2800,411893,-0.0500,-17.86,2.2000,-20.5946,USD,USD,USD
sv2,LT,0.1800,0.3800,103510,-0.2000,-52.63,1.9500,-20.7020,USD,USD,USD
sv2,TJ,0.1300,0.3600,90036,-0.2300,-63.89,1.1200,-20.7083,USD,USD,USD
nsd,EE,0.4800,0.6600,115727,-0.1800,-27.27,0.7200,-20.8309,USD,USD,USD
evadav-rss,NP,0.0980,0.1400,496463,-0.0420,-30.00,0.4710,-20.8514,USD,USD,USD
clickadu-pub-nsd,CZ,0.2210,0.3200,212307,-0.0990,-30.94,12.2322,-21.0184,USD,USD,USD
evadav-rss,SI,0.1408,0.4800,62127,-0.3392,-70.67,0.0790,-21.0735,USD,USD,USD
evadav-rss,NG,0.1166,0.1600,492788,-0.0434,-27.13,3.6640,-21.3870,USD,USD,USD
nsd,TJ,0.1200,0.3600,90036,-0.2400,-66.67,1.3500,-21.6086,USD,USD,USD
evadav-sv,UG,0.0392,0.2300,113698,-0.1908,-82.96,0.4100,-21.6936,USD,USD,USD
evadav-rss,IL,0.1372,0.2000,346991,-0.0628,-31.40,2.4240,-21.7910,USD,USD,USD
clickadu-pub-nsd,VE,0.0808,0.1200,557576,-0.0392,-32.67,0.3768,-21.8570,USD,USD,USD
sv2,IR,0.1300,0.2800,147720,-0.1500,-53.57,2.7600,-22.1580,USD,USD,USD
evadav-sv,MR,0.1283,0.7900,34116,-0.6617,-83.76,0.2450,-22.5746,USD,USD,USD
evadav-rss,PH,0.2273,0.2300,8394339,-0.0027,-1.17,593.4080,-22.6647,USD,USD,USD
evadav-sv,MO,0.1140,0.4100,76664,-0.2960,-72.20,0.0130,-22.6925,USD,USD,USD
evadav-sv,IL,0.1343,0.2000,346991,-0.0657,-32.85,1.0530,-22.7973,USD,USD,USD
sv,PT,0.1300,0.2600,175426,-0.1300,-50.00,0.7200,-22.8054,USD,USD,USD
evadav-sv,TZ,0.0898,0.1200,770157,-0.0302,-25.17,0.2980,-23.2587,USD,USD,USD
evadav-rss,UY,0.0857,0.1800,247497,-0.0943,-52.39,0.0150,-23.3390,USD,USD,USD
nsd,IR,0.1200,0.2800,147720,-0.1600,-57.14,1.4700,-23.6352,USD,USD,USD
evadav-sv,SI,0.0972,0.4800,62127,-0.3828,-79.75,0.1130,-23.7822,USD,USD,USD
evadav-rss,AZ,0.1121,0.1400,854063,-0.0279,-19.93,0.6060,-23.8284,USD,USD,USD
clickadu-pub-nsd,KG,0.1979,0.3000,244419,-0.1021,-34.03,5.1465,-24.9552,USD,USD,USD
evadav-rss,LT,0.1389,0.3800,103510,-0.2411,-63.45,0.0250,-24.9563,USD,USD,USD
evadav-sv,GE,0.0622,0.1300,368982,-0.0678,-52.15,0.1270,-25.0170,USD,USD,USD
sv,CL,0.2800,0.2900,2503676,-0.0100,-3.45,1.2500,-25.0368,USD,USD,USD
evadav-rss,TJ,0.0798,0.3600,90036,-0.2802,-77.83,0.0960,-25.2281,USD,USD,USD
sv,MO,0.0800,0.4100,76664,-0.3300,-80.49,0.0400,-25.2991,USD,USD,USD
evadav-sv,TJ,0.0786,0.3600,90036,-0.2814,-78.17,0.6670,-25.3361,USD,USD,USD
nsd,HU,0.2400,0.3800,184145,-0.1400,-36.84,4.2400,-25.7803,USD,USD,USD
evadav-rss,PT,0.1095,0.2600,175426,-0.1505,-57.88,0.0850,-26.4016,USD,USD,USD
sv,IR,0.1000,0.2800,147720,-0.1800,-64.29,1.5300,-26.5896,USD,USD,USD
sv2,HU,0.2300,0.3800,184145,-0.1500,-39.47,12.2200,-27.6217,USD,USD,USD
evadav-sv,UY,0.0670,0.1800,247497,-0.1130,-62.78,0.0280,-27.9672,USD,USD,USD
nsd,MM,0.6600,0.9800,88058,-0.3200,-32.65,4.8900,-28.1786,USD,USD,USD
nsd,SY,0.0600,0.1400,354642,-0.0800,-57.14,5.4400,-28.3714,USD,USD,USD
sv2,SY,0.0600,0.1400,354642,-0.0800,-57.14,4.4200,-28.3714,USD,USD,USD
evadav-sv,PA,0.0742,0.1700,300339,-0.0958,-56.35,0.0630,-28.7725,USD,USD,USD
evadav-sv,LT,0.1008,0.3800,103510,-0.2792,-73.47,0.0610,-28.9000,USD,USD,USD
nsd,FI,0.3100,0.4800,171387,-0.1700,-35.42,3.3300,-29.1358,USD,USD,USD
evadav-rss,CI,0.1678,0.3000,225674,-0.1322,-44.07,0.3590,-29.8341,USD,USD,USD
clickadu-pub-nsd,FI,0.3038,0.4800,171387,-0.1762,-36.71,1.5812,-30.1984,USD,USD,USD
clickadu-pub-nsd,MN,0.3953,0.4900,320316,-0.0947,-19.33,7.0742,-30.3339,USD,USD,USD
sv,MY,0.2200,0.2400,1527978,-0.0200,-8.33,2.3500,-30.5596,USD,USD,USD
evadav-sv,PT,0.0852,0.2600,175426,-0.1748,-67.23,0.1920,-30.6645,USD,USD,USD
evadav-rss,KH,0.0799,0.2500,181047,-0.1701,-68.04,0.4090,-30.7961,USD,USD,USD
sv,EE,0.3900,0.6600,115727,-0.2700,-40.91,0.1600,-31.2463,USD,USD,USD
evadav-rss,IR,0.0654,0.2800,147720,-0.2146,-76.64,0.0200,-31.7007,USD,USD,USD
sv2,MN,0.3900,0.4900,320316,-0.1000,-20.41,8.8000,-32.0316,USD,USD,USD
clickadu-pub-nsd,SY,0.0492,0.1400,354642,-0.0908,-64.86,1.0318,-32.2015,USD,USD,USD
sv2,RO,0.1800,0.3000,274383,-0.1200,-40.00,26.2000,-32.9260,USD,USD,USD
sv,HU,0.2000,0.3800,184145,-0.1800,-47.37,1.0300,-33.1461,USD,USD,USD
evadav-rss,AE,0.0538,0.1100,600538,-0.0562,-51.09,0.8210,-33.7502,USD,USD,USD
clickadu-pub-nsd,SE,0.1079,0.1800,472924,-0.0721,-40.06,1.2571,-34.0978,USD,USD,USD
nsd,KZ,0.1400,0.1700,1137005,-0.0300,-17.65,4.5600,-34.1102,USD,USD,USD
sv2,KZ,0.1400,0.1700,1137005,-0.0300,-17.65,6.3600,-34.1102,USD,USD,USD
evadav-sv,IR,0.0483,0.2800,147720,-0.2317,-82.75,0.0410,-34.2267,USD,USD,USD
evadav-sv,CR,0.0397,0.2100,205645,-0.1703,-81.10,0.0190,-35.0213,USD,USD,USD
sv2,MM,0.5800,0.9800,88058,-0.4000,-40.82,11.7700,-35.2232,USD,USD,USD
evadav-rss,LK,0.2365,0.3200,442566,-0.0835,-26.09,10.4740,-36.9543,USD,USD,USD
evadav-sv,KH,0.0458,0.2500,181047,-0.2042,-81.68,0.9950,-36.9698,USD,USD,USD
nsd,BG,0.3000,0.3700,532718,-0.0700,-18.92,7.7900,-37.2903,USD,USD,USD
evadav-sv,BO,0.2574,0.2800,1663387,-0.0226,-8.07,0.0520,-37.5925,USD,USD,USD
clickadu-pub-nsd,GR,0.2422,0.4000,245127,-0.1578,-39.45,3.5378,-38.6810,USD,USD,USD
evadav-sv,NP,0.0618,0.1400,496463,-0.0782,-55.86,0.8850,-38.8234,USD,USD,USD
sv2,EE,0.3200,0.6600,115727,-0.3400,-51.52,3.2500,-39.3472,USD,USD,USD
sv,FI,0.2500,0.4800,171387,-0.2300,-47.92,0.7200,-39.4190,USD,USD,USD
evadav-rss,VE,0.0485,0.1200,557576,-0.0715,-59.58,0.1630,-39.8667,USD,USD,USD
evadav-sv,MZ,0.1899,0.8000,66093,-0.6101,-76.26,0.0900,-40.3233,USD,USD,USD
nsd,GH,0.1700,0.4100,169030,-0.2400,-58.54,10.0500,-40.5672,USD,USD,USD
evadav-rss,SY,0.0248,0.1400,354642,-0.1152,-82.29,0.5330,-40.8548,USD,USD,USD
evadav-sv,NG,0.0763,0.1600,492788,-0.0837,-52.31,4.6090,-41.2464,USD,USD,USD
evadav-sv,IE,0.0618,0.3000,174144,-0.2382,-79.40,0.2070,-41.4811,USD,USD,USD
evadav-sv,SY,0.0225,0.1400,354642,-0.1175,-83.93,0.8260,-41.6704,USD,USD,USD
clickadu-pub-nsd,GH,0.1631,0.4100,169030,-0.2469,-60.22,3.6035,-41.7335,USD,USD,USD
evadav-rss,CO,0.0396,0.0900,828822,-0.0504,-56.00,0.0790,-41.7726,USD,USD,USD
sv2,BG,0.2900,0.3700,532718,-0.0800,-21.62,19.8400,-42.6174,USD,USD,USD
evadav-rss,CZ,0.1173,0.3200,212307,-0.2027,-63.34,0.0400,-43.0346,USD,USD,USD
evadav-rss,NZ,0.0713,0.4000,132221,-0.3287,-82.17,0.0320,-43.4610,USD,USD,USD
evadav-sv,NZ,0.0641,0.4000,132221,-0.3359,-83.97,0.0800,-44.4130,USD,USD,USD
sv,KZ,0.1300,0.1700,1137005,-0.0400,-23.53,1.5700,-45.4802,USD,USD,USD
evadav-rss,DE,0.1774,0.1900,3667451,-0.0126,-6.63,2.7220,-46.2099,USD,USD,USD
nsd,UZ,0.1200,0.1800,773350,-0.0600,-33.33,3.0200,-46.4010,USD,USD,USD
evadav-rss,SE,0.0818,0.1800,472924,-0.0982,-54.56,0.0270,-46.4411,USD,USD,USD
nsd,GR,0.2100,0.4000,245127,-0.1900,-47.50,3.5800,-46.5741,USD,USD,USD
evadav-sv,SE,0.0788,0.1800,472924,-0.1012,-56.22,0.2620,-47.8599,USD,USD,USD
clickadu-pub-nsd,KZ,0.1278,0.1700,1137005,-0.0422,-24.82,2.3518,-47.9816,USD,USD,USD
evadav-rss,GH,0.1227,0.4100,169030,-0.2873,-70.07,2.0230,-48.5623,USD,USD,USD
evadav-sv,CZ,0.0901,0.3200,212307,-0.2299,-71.84,0.1790,-48.8094,USD,USD,USD
evadav-sv,CO,0.0309,0.0900,828822,-0.0591,-65.67,0.3020,-48.9834,USD,USD,USD
evadav-sv,CI,0.0829,0.3000,225674,-0.2171,-72.37,0.2610,-48.9938,USD,USD,USD
evadav-rss,DK,0.3085,0.7200,119287,-0.4115,-57.15,0.0580,-49.0866,USD,USD,USD
sv2,DK,0.3000,0.7200,119287,-0.4200,-58.33,11.9500,-50.1005,USD,USD,USD
evadav-rss,UZ,0.1142,0.1800,773350,-0.0658,-36.56,0.4300,-50.8864,USD,USD,USD
nsd,DK,0.2900,0.7200,119287,-0.4300,-59.72,1.1500,-51.2934,USD,USD,USD
evadav-sv,VE,0.0263,0.1200,557576,-0.0937,-78.08,0.0200,-52.2449,USD,USD,USD
evadav-rss,JO,0.0513,0.1700,445317,-0.1187,-69.82,0.4550,-52.8591,USD,USD,USD
evadav-sv,ZA,0.0768,0.1200,1225822,-0.0432,-36.00,0.2220,-52.9555,USD,USD,USD
evadav-sv,JO,0.0498,0.1700,445317,-0.1202,-70.71,1.0760,-53.5271,USD,USD,USD
sv2,GR,0.1800,0.4000,245127,-0.2200,-55.00,14.0800,-53.9279,USD,USD,USD
sv,FR,0.2600,0.2800,2773863,-0.0200,-7.14,18.6400,-55.4773,USD,USD,USD
sv2,PE,0.1700,0.2500,696530,-0.0800,-32.00,12.2900,-55.7224,USD,USD,USD
nsd,ES,0.2500,0.3000,1132613,-0.0500,-16.67,23.2800,-56.6306,USD,USD,USD
evadav-rss,HU,0.0715,0.3800,184145,-0.3085,-81.18,0.0760,-56.8087,USD,USD,USD
evadav-sv,IQ,0.0468,0.1300,686737,-0.0832,-64.00,1.3930,-57.1365,USD,USD,USD
evadav-rss,RO,0.0903,0.3000,274383,-0.2097,-69.90,0.3700,-57.5381,USD,USD,USD
evadav-sv,KG,0.0624,0.3000,244419,-0.2376,-79.20,1.3060,-58.0740,USD,USD,USD
evadav-rss,KG,0.0598,0.3000,244419,-0.2402,-80.07,0.1510,-58.7094,USD,USD,USD
evadav-rss,FI,0.1357,0.4800,171387,-0.3443,-71.73,0.1730,-59.0085,USD,USD,USD
nsd,TR,0.1000,0.1400,1476388,-0.0400,-28.57,36.2100,-59.0555,USD,USD,USD
sv,TR,0.1000,0.1400,1476388,-0.0400,-28.57,8.7600,-59.0555,USD,USD,USD
evadav-rss,MM,0.3041,0.9800,88058,-0.6759,-68.97,0.2460,-59.5184,USD,USD,USD
clickadu-pub-nsd,DZ,0.0691,0.1300,999432,-0.0609,-46.85,40.6831,-60.8654,USD,USD,USD
sv,GR,0.1500,0.4000,245127,-0.2500,-62.50,0.7500,-61.2818,USD,USD,USD
evadav-sv,HU,0.0468,0.3800,184145,-0.3332,-87.68,0.1580,-61.3571,USD,USD,USD
evadav-sv,GH,0.0451,0.4100,169030,-0.3649,-89.00,2.4450,-61.6790,USD,USD,USD
clickadu-pub-nsd,DK,0.2002,0.7200,119287,-0.5198,-72.19,0.5484,-62.0054,USD,USD,USD
evadav-rss,IQ,0.0385,0.1300,686737,-0.0915,-70.38,0.4490,-62.8364,USD,USD,USD
clickadu-pub-nsd,LK,0.1778,0.3200,442566,-0.1422,-44.44,21.9550,-62.9329,USD,USD,USD
clickadu-pub-nsd,TW,0.4587,0.6600,316653,-0.2013,-30.50,291.3533,-63.7422,USD,USD,USD
clickadu-pub-nsd,IT,0.3112,0.3600,1320064,-0.0488,-13.56,39.2362,-64.4191,USD,USD,USD
nsd,NO,0.4000,0.8000,163405,-0.4000,-50.00,1.4800,-65.3620,USD,USD,USD
evadav-rss,EE,0.0926,0.6600,115727,-0.5674,-85.97,0.0050,-65.6635,USD,USD,USD
sv,DK,0.1600,0.7200,119287,-0.5600,-77.78,0.2800,-66.8007,USD,USD,USD
evadav-rss,DZ,0.0631,0.1300,999432,-0.0669,-51.46,1.7390,-66.8620,USD,USD,USD
clickadu-pub-nsd,ES,0.2409,0.3000,1132613,-0.0591,-19.70,42.1333,-66.9374,USD,USD,USD
evadav-rss,GR,0.1255,0.4000,245127,-0.2745,-68.62,0.3690,-67.2874,USD,USD,USD
evadav-sv,RO,0.0509,0.3000,274383,-0.2491,-83.03,0.4570,-68.3488,USD,USD,USD
evadav-sv,FI,0.0812,0.4800,171387,-0.3988,-83.08,0.2310,-68.3491,USD,USD,USD
evadav-sv,EE,0.0688,0.6600,115727,-0.5912,-89.58,0.0260,-68.4178,USD,USD,USD
sv2,NO,0.3800,0.8000,163405,-0.4200,-52.50,13.4300,-68.6301,USD,USD,USD
evadav-rss,MA,0.0703,0.1100,1769124,-0.0397,-36.09,1.6340,-70.2342,USD,USD,USD
evadav-sv,DK,0.1206,0.7200,119287,-0.5994,-83.25,0.1620,-71.5006,USD,USD,USD
nsd,CL,0.2600,0.2900,2503676,-0.0300,-10.34,1.7100,-75.1103,USD,USD,USD
evadav-sv,MM,0.1233,0.9800,88058,-0.8567,-87.42,0.1460,-75.4393,USD,USD,USD
sv2,HK,0.3300,0.4100,967105,-0.0800,-19.51,12.0300,-77.3684,USD,USD,USD
sv,ES,0.2300,0.3000,1132613,-0.0700,-23.33,5.3300,-79.2829,USD,USD,USD
sv,NO,0.3100,0.8000,163405,-0.4900,-61.25,0.6000,-80.0685,USD,USD,USD
evadav-sv,AT,0.0849,0.2800,411893,-0.1951,-69.68,0.3210,-80.3603,USD,USD,USD
evadav-sv,CH,0.1555,0.3900,346980,-0.2345,-60.13,0.5130,-81.3668,USD,USD,USD
evadav-sv,AZ,0.0446,0.1400,854063,-0.0954,-68.14,0.3900,-81.4776,USD,USD,USD
sv2,AU,0.3400,0.4200,1020894,-0.0800,-19.05,52.5100,-81.6715,USD,USD,USD
evadav-sv,UZ,0.0709,0.1800,773350,-0.1091,-60.61,0.4670,-84.3725,USD,USD,USD
nsd,BE,0.2200,0.4300,402603,-0.2100,-48.84,2.7600,-84.5466,USD,USD,USD
sv2,BE,0.2200,0.4300,402603,-0.2100,-48.84,21.8700,-84.5466,USD,USD,USD
evadav-sv,GR,0.0529,0.4000,245127,-0.3471,-86.78,0.3040,-85.0836,USD,USD,USD
evadav-rss,NO,0.2657,0.8000,163405,-0.5343,-66.79,0.1060,-87.3073,USD,USD,USD
evadav-sv,MA,0.0600,0.1100,1769124,-0.0500,-45.45,2.0680,-88.4562,USD,USD,USD
evadav-rss,PE,0.1190,0.2500,696530,-0.1310,-52.40,0.2040,-91.2454,USD,USD,USD
evadav-sv,DZ,0.0383,0.1300,999432,-0.0917,-70.54,1.1330,-91.6479,USD,USD,USD
sv,IT,0.2900,0.3600,1320064,-0.0700,-19.44,12.2200,-92.4045,USD,USD,USD
evadav-rss,PK,0.0474,0.0900,2191297,-0.0426,-47.33,1.4570,-93.3493,USD,USD,USD
evadav-sv,LK,0.0978,0.3200,442566,-0.2222,-69.44,4.6350,-98.3382,USD,USD,USD
sv,BE,0.1800,0.4300,402603,-0.2500,-58.14,1.0500,-100.6508,USD,USD,USD
sv2,TR,0.0700,0.1400,1476388,-0.0700,-50.00,41.4100,-103.3472,USD,USD,USD
evadav-sv,KZ,0.0791,0.1700,1137005,-0.0909,-53.47,1.1050,-103.3538,USD,USD,USD
sv,TW,0.3300,0.6600,316653,-0.3300,-50.00,20.6100,-104.4955,USD,USD,USD
evadav-rss,BG,0.1738,0.3700,532718,-0.1962,-53.03,0.5190,-104.5193,USD,USD,USD
evadav-sv,NL,0.1599,0.2300,1494389,-0.0701,-30.48,0.7570,-104.7567,USD,USD,USD
sv2,EC,0.1700,0.2200,2240809,-0.0500,-22.73,71.1400,-112.0404,USD,USD,USD
sv2,TW,0.3000,0.6600,316653,-0.3600,-54.55,50.5500,-113.9951,USD,USD,USD
evadav-sv,NO,0.1017,0.8000,163405,-0.6983,-87.29,0.0880,-114.1057,USD,USD,USD
evadav-rss,MN,0.1226,0.4900,320316,-0.3674,-74.98,0.1400,-117.6841,USD,USD,USD
evadav-rss,BE,0.1255,0.4300,402603,-0.3045,-70.81,0.1240,-122.5926,USD,USD,USD
evadav-sv,PE,0.0735,0.2500,696530,-0.1765,-70.60,0.2760,-122.9375,USD,USD,USD
evadav-rss,MY,0.1592,0.2400,1527978,-0.0808,-33.67,3.2070,-123.4606,USD,USD,USD
evadav-sv,MN,0.1006,0.4900,320316,-0.3894,-79.47,1.0130,-124.7311,USD,USD,USD
evadav-rss,KZ,0.0588,0.1700,1137005,-0.1112,-65.41,0.1620,-126.4350,USD,USD,USD
evadav-rss,FR,0.2343,0.2800,2773863,-0.0457,-16.32,8.1600,-126.7655,USD,USD,USD
evadav-sv,PK,0.0306,0.0900,2191297,-0.0594,-66.00,0.8110,-130.1630,USD,USD,USD
evadav-rss,TR,0.0499,0.1400,1476388,-0.0901,-64.36,1.9320,-133.0226,USD,USD,USD
evadav-sv,BE,0.0768,0.4300,402603,-0.3532,-82.14,0.2850,-142.1994,USD,USD,USD
nsd,TW,0.1800,0.6600,316653,-0.4800,-72.73,17.9000,-151.9934,USD,USD,USD
nsd,AU,0.2700,0.4200,1020894,-0.1500,-35.71,7.4200,-153.1341,USD,USD,USD
sv,AU,0.2700,0.4200,1020894,-0.1500,-35.71,2.0600,-153.1341,USD,USD,USD
nsd,IT,0.2400,0.3600,1320064,-0.1200,-33.33,18.8900,-158.4077,USD,USD,USD
evadav-sv,TR,0.0297,0.1400,1476388,-0.1103,-78.79,1.2470,-162.8456,USD,USD,USD
evadav-sv,BG,0.0577,0.3700,532718,-0.3123,-84.41,0.3200,-166.3678,USD,USD,USD
evadav-rss,TW,0.1265,0.6600,316653,-0.5335,-80.83,3.9830,-168.9344,USD,USD,USD
evadav-rss,AU,0.2536,0.4200,1020894,-0.1664,-39.62,0.6430,-169.8768,USD,USD,USD
clickadu-pub-nsd,KR,0.3540,0.5700,787638,-0.2160,-37.89,17.3518,-170.1298,USD,USD,USD
sv,JP,0.2600,0.3100,3427075,-0.0500,-16.13,22.0800,-171.3537,USD,USD,USD
clickadu-pub-nsd,CL,0.2212,0.2900,2503676,-0.0688,-23.72,2.3340,-172.2529,USD,USD,USD
sv,KR,0.3500,0.5700,787638,-0.2200,-38.60,34.2100,-173.2804,USD,USD,USD
evadav-rss,CA,0.2006,0.3200,1509192,-0.1194,-37.31,0.8120,-180.1975,USD,USD,USD
evadav-sv,TW,0.0815,0.6600,316653,-0.5785,-87.65,5.8090,-183.1838,USD,USD,USD
evadav-rss,ES,0.1365,0.3000,1132613,-0.1635,-54.50,1.4300,-185.1822,USD,USD,USD
evadav-sv,PH,0.2073,0.2300,8394339,-0.0227,-9.87,201.3350,-190.5515,USD,USD,USD
evadav-sv,VN,0.1328,0.2200,2254168,-0.0872,-39.64,7.5590,-196.5634,USD,USD,USD
sv,EC,0.1300,0.2200,2240809,-0.0900,-40.91,1.1200,-201.6728,USD,USD,USD
sv2,KR,0.2900,0.5700,787638,-0.2800,-49.12,69.1000,-220.5386,USD,USD,USD
sv2,FR,0.2000,0.2800,2773863,-0.0800,-28.57,43.5100,-221.9090,USD,USD,USD
evadav-sv,PL,0.0846,0.3400,897513,-0.2554,-75.12,0.7290,-229.2248,USD,USD,USD
nsd,AR,0.2100,0.2700,3911619,-0.0600,-22.22,2.5800,-234.6971,USD,USD,USD
nsd,EG,0.1700,0.2300,3928271,-0.0600,-26.09,133.6500,-235.6963,USD,USD,USD
sv2,IT,0.1800,0.3600,1320064,-0.1800,-50.00,39.1000,-237.6115,USD,USD,USD
nsd,JP,0.2400,0.3100,3427075,-0.0700,-22.58,39.1600,-239.8953,USD,USD,USD
evadav-rss,HK,0.1580,0.4100,967105,-0.2520,-61.46,1.0780,-243.7105,USD,USD,USD
evadav-sv,ES,0.0716,0.3000,1132613,-0.2284,-76.13,1.0850,-258.6888,USD,USD,USD
evadav-rss,VN,0.1022,0.2200,2254168,-0.1178,-53.55,2.1550,-265.5410,USD,USD,USD
nsd,KR,0.2300,0.5700,787638,-0.3400,-59.65,14.7900,-267.7969,USD,USD,USD
evadav-rss,GB,0.1390,0.3000,1695656,-0.1610,-53.67,0.2220,-273.0006,USD,USD,USD
sv2,EG,0.1600,0.2300,3928271,-0.0700,-30.43,217.0000,-274.9790,USD,USD,USD
evadav-sv,GB,0.1309,0.3000,1695656,-0.1691,-56.37,2.1320,-286.7354,USD,USD,USD
evadav-sv,AU,0.1374,0.4200,1020894,-0.2826,-67.29,1.5650,-288.5046,USD,USD,USD
evadav-sv,MX,0.0840,0.1800,3007013,-0.0960,-53.33,1.5300,-288.6732,USD,USD,USD
evadav-sv,HK,0.1080,0.4100,967105,-0.3020,-73.66,0.5310,-292.0657,USD,USD,USD
evadav-rss,EC,0.0868,0.2200,2240809,-0.1332,-60.55,0.0420,-298.4758,USD,USD,USD
evadav-sv,CA,0.1219,0.3200,1509192,-0.1981,-61.91,1.1190,-298.9709,USD,USD,USD
evadav-rss,IT,0.1089,0.3600,1320064,-0.2511,-69.75,2.4950,-331.4681,USD,USD,USD
evadav-rss,KR,0.0766,0.5700,787638,-0.4934,-86.56,0.2750,-388.6206,USD,USD,USD
evadav-sv,IT,0.0625,0.3600,1320064,-0.2975,-82.64,1.7130,-392.7190,USD,USD,USD
evadav-sv,EC,0.0434,0.2200,2240809,-0.1766,-80.27,0.0590,-395.7269,USD,USD,USD
evadav-sv,KR,0.0582,0.5700,787638,-0.5118,-89.79,0.6390,-403.1131,USD,USD,USD
evadav-sv,DE,0.0755,0.1900,3667451,-0.1145,-60.26,3.3130,-419.9231,USD,USD,USD
evadav-sv,CL,0.0913,0.2900,2503676,-0.1987,-68.52,0.3370,-497.4804,USD,USD,USD
evadav-rss,CL,0.0803,0.2900,2503676,-0.2097,-72.31,0.1440,-525.0209,USD,USD,USD
clickadu-pub-nsd,EG,0.0909,0.2300,3928271,-0.1391,-60.48,34.1853,-546.4225,USD,USD,USD
clickadu-pub-nsd,JP,0.1500,0.3100,3427075,-0.1600,-51.61,440.3048,-548.3320,USD,USD,USD
sv2,JP,0.1500,0.3100,3427075,-0.1600,-51.61,84.4300,-548.3320,USD,USD,USD
evadav-rss,BD,0.1167,0.2300,4954512,-0.1133,-49.26,17.0850,-561.3462,USD,USD,USD
evadav-sv,FR,0.0733,0.2800,2773863,-0.2067,-73.82,1.8710,-573.3575,USD,USD,USD
evadav-rss,EG,0.0753,0.2300,3928271,-0.1547,-67.26,17.9310,-607.7035,USD,USD,USD
evadav-rss,AR,0.1132,0.2700,3911619,-0.1568,-58.07,1.8040,-613.3419,USD,USD,USD
evadav-sv,RU,0.0833,0.1800,6730037,-0.0967,-53.72,0.0030,-650.7946,USD,USD,USD
evadav-sv,AR,0.1013,0.2700,3911619,-0.1687,-62.48,0.3110,-659.8901,USD,USD,USD
sv,RU,0.0800,0.1800,6730037,-0.1000,-55.56,0.5300,-673.0037,USD,USD,USD
evadav-sv,EG,0.0524,0.2300,3928271,-0.1776,-77.22,12.5240,-697.6609,USD,USD,USD
evadav-sv,BD,0.0878,0.2300,4954512,-0.1422,-61.83,1.2460,-704.5316,USD,USD,USD
evadav-sv,US,0.1376,0.2200,8850557,-0.0824,-37.45,11.2570,-729.2859,USD,USD,USD
nsd,ID,0.2500,0.3400,8219113,-0.0900,-26.47,28.8400,-739.7202,USD,USD,USD
evadav-rss,IN,0.0358,0.0800,17736276,-0.0442,-55.25,5.2140,-783.9434,USD,USD,USD
evadav-rss,JP,0.0735,0.3100,3427075,-0.2365,-76.29,1.0330,-810.5032,USD,USD,USD
sv,ID,0.2400,0.3400,8219113,-0.1000,-29.41,13.2300,-821.9113,USD,USD,USD
evadav-sv,IN,0.0301,0.0800,17736276,-0.0499,-62.38,17.3870,-885.0402,USD,USD,USD
clickadu-pub-nsd,AR,0.0422,0.2700,3911619,-0.2278,-84.37,2.2541,-891.0668,USD,USD,USD
sv2,ID,0.2300,0.3400,8219113,-0.1100,-32.35,70.8700,-904.1024,USD,USD,USD
evadav-sv,JP,0.0401,0.3100,3427075,-0.2699,-87.06,0.9320,-924.9675,USD,USD,USD
clickadu-pub-nsd,ID,0.1664,0.3400,8219113,-0.1736,-51.06,637.7361,-1426.8380,USD,USD,USD
evadav-rss,ID,0.0872,0.3400,8219113,-0.2528,-74.35,40.1980,-2077.7918,USD,USD,USD
evadav-sv,ID,0.0573,0.3400,8219113,-0.2827,-83.15,1.7390,-2323.5432,USD,USD,USD
